"","Code.INSEE","Commune","Population.totale","Département","Région","Densité.d.habitants..hab.km2."
"1",78092,"Bougival",8472,"YVELINES","ILE-DE-FRANCE",3047.48201439
"2",91332,"Leudeville",1393,"ESSONNE","ILE-DE-FRANCE",177.905491699
"3",77243,"Lagny-sur-Marne",20306,"SEINE-ET-MARNE","ILE-DE-FRANCE",3501.03448276
"4",77418,"Saint-Loup-de-Naud",887,"SEINE-ET-MARNE","ILE-DE-FRANCE",80.9306569343
"5",77325,"Mouy-sur-Seine",360,"SEINE-ET-MARNE","ILE-DE-FRANCE",41.7633410673
"6",78681,"Villiers-le-Mahieu",700,"YVELINES","ILE-DE-FRANCE",101.449275362
"7",77514,"Villeparisis",24525,"SEINE-ET-MARNE","ILE-DE-FRANCE",2954.81927711
"8",94046,"Maisons-Alfort",53265,"VAL-DE-MARNE","ILE-DE-FRANCE",9918.99441341
"9",78517,"Rambouillet",25860,"YVELINES","ILE-DE-FRANCE",720.133667502
"10",78557,"Saint-Hilarion",897,"YVELINES","ILE-DE-FRANCE",62.8591450596
"11",95139,"La Chapelle-en-Vexin",331,"VAL-D'OISE","ILE-DE-FRANCE",89.4594594595
"12",91425,"Montlhéry",7019,"ESSONNE","ILE-DE-FRANCE",2114.15662651
"13",94074,"Valenton",11940,"VAL-DE-MARNE","ILE-DE-FRANCE",2248.58757062
"14",95611,"Theuville",27,"VAL-D'OISE","ILE-DE-FRANCE",5.38922155689
"15",77139,"Courtry",6280,"SEINE-ET-MARNE","ILE-DE-FRANCE",1516.90821256
"16",91179,"Le Coudray-Montceaux",4725,"ESSONNE","ILE-DE-FRANCE",412.663755459
"17",93053,"Noisy-le-Sec",40232,"SEINE-SAINT-DENIS","ILE-DE-FRANCE",7982.53968254
"18",77142,"Crécy-la-Chapelle",4250,"SEINE-ET-MARNE","ILE-DE-FRANCE",275.437459494
"19",77192,"Fontenay-Trésigny",5218,"SEINE-ET-MARNE","ILE-DE-FRANCE",235.788522368
"20",78372,"Marly-le-Roi",16645,"YVELINES","ILE-DE-FRANCE",2495.50224888
"21",78265,"Garancières",2395,"YVELINES","ILE-DE-FRANCE",230.732177264
"22",91441,"Nainville-les-Roches",463,"ESSONNE","ILE-DE-FRANCE",77.0382695507
"23",92022,"Chaville",18852,"HAUTS-DE-SEINE","ILE-DE-FRANCE",5280.67226891
"24",95116,"Bruyères-sur-Oise",3761,"VAL-D'OISE","ILE-DE-FRANCE",421.6367713
"25",78591,"Septeuil",2225,"YVELINES","ILE-DE-FRANCE",234.952481521
"26",77153,"Dammartin-en-Goële",8258,"SEINE-ET-MARNE","ILE-DE-FRANCE",917.555555556
"27",77122,"Combs-la-Ville",21908,"SEINE-ET-MARNE","ILE-DE-FRANCE",1503.63761153
"28",77410,"Saint-Germain-Laxis",506,"SEINE-ET-MARNE","ILE-DE-FRANCE",70.0831024931
"29",91148,"Chauffour-lès-Étréchy",138,"ESSONNE","ILE-DE-FRANCE",28.5123966942
"30",95151,"Chauvry",304,"VAL-D'OISE","ILE-DE-FRANCE",60.3174603175
"31",78528,"Rolleboise",406,"YVELINES","ILE-DE-FRANCE",134.88372093
"32",77373,"Pontault-Combault",36458,"SEINE-ET-MARNE","ILE-DE-FRANCE",2682.70787344
"33",77522,"Villiers-sur-Seine",303,"SEINE-ET-MARNE","ILE-DE-FRANCE",26.5323992995
"34",77224,"Hautefeuille",315,"SEINE-ET-MARNE","ILE-DE-FRANCE",32.012195122
"35",77365,"Le Plessis-Feu-Aussoux",545,"SEINE-ET-MARNE","ILE-DE-FRANCE",97.3214285714
"36",77019,"Balloy",325,"SEINE-ET-MARNE","ILE-DE-FRANCE",24.2899850523
"37",77183,"La Ferté-sous-Jouarre",9222,"SEINE-ET-MARNE","ILE-DE-FRANCE",921.278721279
"38",77345,"Orly-sur-Morin",672,"SEINE-ET-MARNE","ILE-DE-FRANCE",113.898305085
"39",91021,"Arpajon",10704,"ESSONNE","ILE-DE-FRANCE",4478.66108787
"40",95256,"Frépillon",2820,"VAL-D'OISE","ILE-DE-FRANCE",824.561403509
"41",91027,"Athis-Mons",29831,"ESSONNE","ILE-DE-FRANCE",3460.67285383
"42",91412,"Mondeville",687,"ESSONNE","ILE-DE-FRANCE",101.17820324
"43",95011,"Ambleville",424,"VAL-D'OISE","ILE-DE-FRANCE",52.736318408
"44",77175,"Évry-Grégy-sur-Yerre",2485,"SEINE-ET-MARNE","ILE-DE-FRANCE",129.900679561
"45",91086,"Bondoufle",9222,"ESSONNE","ILE-DE-FRANCE",1350.21961933
"46",77374,"Pontcarré",2014,"SEINE-ET-MARNE","ILE-DE-FRANCE",209.573361082
"47",77110,"Chenou",313,"SEINE-ET-MARNE","ILE-DE-FRANCE",22.7967953387
"48",95504,"Presles",3745,"VAL-D'OISE","ILE-DE-FRANCE",367.5171737
"49",95641,"Vémars",2201,"VAL-D'OISE","ILE-DE-FRANCE",266.142684401
"50",91191,"Crosne",9190,"ESSONNE","ILE-DE-FRANCE",3720.64777328
"51",95241,"Fontenay-en-Parisis",1894,"VAL-D'OISE","ILE-DE-FRANCE",172.652689152
"52",77439,"Salins",1026,"SEINE-ET-MARNE","ILE-DE-FRANCE",97.1590909091
"53",77400,"Saint-Augustin",1724,"SEINE-ET-MARNE","ILE-DE-FRANCE",167.054263566
"54",77476,"Trocy-en-Multien",265,"SEINE-ET-MARNE","ILE-DE-FRANCE",35.2862849534
"55",77477,"Ury",790,"SEINE-ET-MARNE","ILE-DE-FRANCE",95.2955367913
"56",77276,"Mareuil-lès-Meaux",2241,"SEINE-ET-MARNE","ILE-DE-FRANCE",312.116991643
"57",91226,"Étréchy",6318,"ESSONNE","ILE-DE-FRANCE",444.303797468
"58",77285,"Le Mée-sur-Seine",20693,"SEINE-ET-MARNE","ILE-DE-FRANCE",3721.76258993
"59",78443,"Neauphle-le-Vieux",811,"YVELINES","ILE-DE-FRANCE",106.013071895
"60",94016,"Cachan",28404,"VAL-DE-MARNE","ILE-DE-FRANCE",10217.2661871
"61",78548,"Saint-Forget",463,"YVELINES","ILE-DE-FRANCE",76.9102990033
"62",78653,"Vicq",338,"YVELINES","ILE-DE-FRANCE",75.4464285714
"63",77012,"Augers-en-Brie",304,"SEINE-ET-MARNE","ILE-DE-FRANCE",22.7204783259
"64",91468,"Ormoy",1894,"ESSONNE","ILE-DE-FRANCE",1023.78378378
"65",91273,"Gironville-sur-Essonne",814,"ESSONNE","ILE-DE-FRANCE",61.0652663166
"66",77088,"La Chapelle-la-Reine",2567,"SEINE-ET-MARNE","ILE-DE-FRANCE",160.638297872
"67",77329,"Nanteau-sur-Lunain",679,"SEINE-ET-MARNE","ILE-DE-FRANCE",51.0526315789
"68",77355,"Paroy",180,"SEINE-ET-MARNE","ILE-DE-FRANCE",42.1545667447
"69",94019,"Chennevières-sur-Marne",17963,"VAL-DE-MARNE","ILE-DE-FRANCE",3434.60803059
"70",78307,"Hermeray",956,"YVELINES","ILE-DE-FRANCE",52.0697167756
"71",78460,"Oinville-sur-Montcient",1111,"YVELINES","ILE-DE-FRANCE",290.078328982
"72",91549,"Sainte-Geneviève-des-Bois",34771,"ESSONNE","ILE-DE-FRANCE",3714.85042735
"73",91602,"Souzy-la-Briche",393,"ESSONNE","ILE-DE-FRANCE",53.3967391304
"74",94043,"Le Kremlin-Bicêtre",26131,"VAL-DE-MARNE","ILE-DE-FRANCE",16750.6410256
"75",92014,"Bourg-la-Reine",19982,"HAUTS-DE-SEINE","ILE-DE-FRANCE",10743.0107527
"76",95058,"Bernes-sur-Oise",2389,"VAL-D'OISE","ILE-DE-FRANCE",431.227436823
"77",77419,"Saint-Mammès",3180,"SEINE-ET-MARNE","ILE-DE-FRANCE",1419.64285714
"78",77420,"Saint-Mard",3816,"SEINE-ET-MARNE","ILE-DE-FRANCE",610.56
"79",77433,"Saints",1293,"SEINE-ET-MARNE","ILE-DE-FRANCE",64.5209580838
"80",78350,"Louveciennes",7186,"YVELINES","ILE-DE-FRANCE",1318.53211009
"81",78537,"Saint-Arnoult-en-Yvelines",6154,"YVELINES","ILE-DE-FRANCE",484.566929134
"82",91507,"Prunay-sur-Essonne",314,"ESSONNE","ILE-DE-FRANCE",61.811023622
"83",77093,"La Chapelle-Moutils",412,"SEINE-ET-MARNE","ILE-DE-FRANCE",21.1934156379
"84",91538,"Saint-Aubin",695,"ESSONNE","ILE-DE-FRANCE",195.774647887
"85",77525,"Vinantes",355,"SEINE-ET-MARNE","ILE-DE-FRANCE",67.1077504726
"86",95637,"Vauréal",16223,"VAL-D'OISE","ILE-DE-FRANCE",4280.47493404
"87",77461,"Thénisy",275,"SEINE-ET-MARNE","ILE-DE-FRANCE",50.9259259259
"88",77028,"Beautheil",724,"SEINE-ET-MARNE","ILE-DE-FRANCE",39.4120849211
"89",77154,"Dammartin-sur-Tigeaux",913,"SEINE-ET-MARNE","ILE-DE-FRANCE",100.995575221
"90",91174,"Corbeil-Essonnes",44223,"ESSONNE","ILE-DE-FRANCE",4005.70652174
"91",78071,"Boinville-le-Gaillard",616,"YVELINES","ILE-DE-FRANCE",48.7727632621
"92",91511,"Pussay",1982,"ESSONNE","ILE-DE-FRANCE",171.00949094
"93",77448,"Sept-Sorts",425,"SEINE-ET-MARNE","ILE-DE-FRANCE",137.096774194
"94",78108,"Les Bréviaires",1256,"YVELINES","ILE-DE-FRANCE",63.4663971703
"95",78164,"Clairefontaine-en-Yvelines",808,"YVELINES","ILE-DE-FRANCE",46.6782206817
"96",91064,"Bièvres",4462,"ESSONNE","ILE-DE-FRANCE",460.474716202
"97",93033,"Gournay-sur-Marne",6485,"SEINE-SAINT-DENIS","ILE-DE-FRANCE",3883.23353293
"98",77412,"Saint-Germain-sur-École",353,"SEINE-ET-MARNE","ILE-DE-FRANCE",140.079365079
"99",78189,"Crespières",1568,"YVELINES","ILE-DE-FRANCE",104.812834225
"100",77397,"Saâcy-sur-Marne",1760,"SEINE-ET-MARNE","ILE-DE-FRANCE",129.506990434
"101",78031,"Auffreville-Brasseuil",595,"YVELINES","ILE-DE-FRANCE",254.273504274
"102",92050,"Nanterre",89476,"HAUTS-DE-SEINE","ILE-DE-FRANCE",7310.13071895
"103",93031,"Épinay-sur-Seine",54540,"SEINE-SAINT-DENIS","ILE-DE-FRANCE",11856.5217391
"104",91479,"Paray-Vieille-Poste",7171,"ESSONNE","ILE-DE-FRANCE",1183.33333333
"105",95438,"Moussy",145,"VAL-D'OISE","ILE-DE-FRANCE",30.3983228512
"106",78618,"Tilly",541,"YVELINES","ILE-DE-FRANCE",69.8966408269
"107",91667,"Villemoisson-sur-Orge",6977,"ESSONNE","ILE-DE-FRANCE",2994.42060086
"108",78674,"Villepreux",9888,"YVELINES","ILE-DE-FRANCE",948.944337812
"109",91617,"Tigery",2918,"ESSONNE","ILE-DE-FRANCE",309.766454352
"110",91222,"Estouches",208,"ESSONNE","ILE-DE-FRANCE",34.7826086957
"111",94056,"Périgny",2352,"VAL-DE-MARNE","ILE-DE-FRANCE",852.173913043
"112",78368,"Mareil-sur-Mauldre",1734,"YVELINES","ILE-DE-FRANCE",397.706422018
"113",77467,"La Tombe",208,"SEINE-ET-MARNE","ILE-DE-FRANCE",26.5306122449
"114",78117,"Buc",5245,"YVELINES","ILE-DE-FRANCE",651.552795031
"115",93074,"Vaujours",6643,"SEINE-SAINT-DENIS","ILE-DE-FRANCE",1800.27100271
"116",77328,"Nanteau-sur-Essonne",434,"SEINE-ET-MARNE","ILE-DE-FRANCE",33.669511249
"117",77009,"Arville",127,"SEINE-ET-MARNE","ILE-DE-FRANCE",11.1305872042
"118",77350,"Ozoir-la-Ferrière",20123,"SEINE-ET-MARNE","ILE-DE-FRANCE",1284.9936143
"119",92044,"Levallois-Perret",64629,"HAUTS-DE-SEINE","ILE-DE-FRANCE",26706.1983471
"120",78234,"Flacourt",137,"YVELINES","ILE-DE-FRANCE",31.4942528736
"121",77437,"Saint-Soupplets",3231,"SEINE-ET-MARNE","ILE-DE-FRANCE",235.152838428
"122",91184,"Courdimanche-sur-Essonne",268,"ESSONNE","ILE-DE-FRANCE",46.6086956522
"123",91661,"Villebon-sur-Yvette",9742,"ESSONNE","ILE-DE-FRANCE",1300.66755674
"124",77330,"Nanteuil-lès-Meaux",5454,"SEINE-ET-MARNE","ILE-DE-FRANCE",715.748031496
"125",77388,"Reuil-en-Brie",837,"SEINE-ET-MARNE","ILE-DE-FRANCE",141.385135135
"126",77148,"Crouy-sur-Ourcq",1745,"SEINE-ET-MARNE","ILE-DE-FRANCE",90.2275077559
"127",77218,"Grisy-sur-Seine",100,"SEINE-ET-MARNE","ILE-DE-FRANCE",15.1745068285
"128",77506,"Villemer",683,"SEINE-ET-MARNE","ILE-DE-FRANCE",36.7599569429
"129",93029,"Drancy",66635,"SEINE-SAINT-DENIS","ILE-DE-FRANCE",8553.91527599
"130",93049,"Neuilly-Plaisance",20703,"SEINE-SAINT-DENIS","ILE-DE-FRANCE",6053.50877193
"131",78562,"Saint-Léger-en-Yvelines",1491,"YVELINES","ILE-DE-FRANCE",42.5392296719
"132",78646,"Versailles",86307,"YVELINES","ILE-DE-FRANCE",3310.58688147
"133",91393,"Mérobert",559,"ESSONNE","ILE-DE-FRANCE",52.4390243902
"134",77405,"Saint-Cyr-sur-Morin",1903,"SEINE-ET-MARNE","ILE-DE-FRANCE",99.685699319
"135",78239,"Follainville-Dennemont",1851,"YVELINES","ILE-DE-FRANCE",189.651639344
"136",77207,"Gironville",170,"SEINE-ET-MARNE","ILE-DE-FRANCE",12.4178232286
"137",77258,"Lognes",14410,"SEINE-ET-MARNE","ILE-DE-FRANCE",3575.68238213
"138",91017,"Angervilliers",1644,"ESSONNE","ILE-DE-FRANCE",180.263157895
"139",91249,"Forges-les-Bains",3748,"ESSONNE","ILE-DE-FRANCE",255.48738923
"140",78391,"Méricourt",386,"YVELINES","ILE-DE-FRANCE",156.910569106
"141",78597,"Soindres",608,"YVELINES","ILE-DE-FRANCE",116.69865643
"142",77190,"Fontains",253,"SEINE-ET-MARNE","ILE-DE-FRANCE",17.6429567643
"143",78616,"Thoiry",1156,"YVELINES","ILE-DE-FRANCE",162.58790436
"144",91098,"Boutervilliers",379,"ESSONNE","ILE-DE-FRANCE",53.3052039381
"145",94076,"Villejuif",55923,"VAL-DE-MARNE","ILE-DE-FRANCE",10571.4555766
"146",95316,"Jagny-sous-Bois",250,"VAL-D'OISE","ILE-DE-FRANCE",58.8235294118
"147",77011,"Aufferville",547,"SEINE-ET-MARNE","ILE-DE-FRANCE",30.7995495495
"148",78013,"Andelu",485,"YVELINES","ILE-DE-FRANCE",120.646766169
"149",78261,"Gaillon-sur-Montcient",668,"YVELINES","ILE-DE-FRANCE",133.067729084
"150",77094,"Charmentray",266,"SEINE-ET-MARNE","ILE-DE-FRANCE",57.5757575758
"151",78015,"Andrésy",11980,"YVELINES","ILE-DE-FRANCE",1731.21387283
"152",94001,"Ablon-sur-Seine",5221,"VAL-DE-MARNE","ILE-DE-FRANCE",4540
"153",77029,"Beauvoir",194,"SEINE-ET-MARNE","ILE-DE-FRANCE",48.9898989899
"154",77214,"Gressy",902,"SEINE-ET-MARNE","ILE-DE-FRANCE",268.452380952
"155",91182,"Courcouronnes",13696,"ESSONNE","ILE-DE-FRANCE",3023.3995585
"156",91469,"Ormoy-la-Rivière",943,"ESSONNE","ILE-DE-FRANCE",90.4990403071
"157",77144,"Crèvecoeur-en-Brie",303,"SEINE-ET-MARNE","ILE-DE-FRANCE",32.5456498389
"158",77428,"Saint-Ouen-en-Brie",860,"SEINE-ET-MARNE","ILE-DE-FRANCE",150.877192982
"159",78505,"Prunay-le-Temple",404,"YVELINES","ILE-DE-FRANCE",59.940652819
"160",95352,"Luzarches",4362,"VAL-D'OISE","ILE-DE-FRANCE",212.573099415
"161",77262,"Louan-Villegruis-Fontaine",520,"SEINE-ET-MARNE","ILE-DE-FRANCE",13.65904912
"162",91645,"Verrières-le-Buisson",15534,"ESSONNE","ILE-DE-FRANCE",1554.95495495
"163",78146,"Chatou",30281,"YVELINES","ILE-DE-FRANCE",5972.58382643
"164",78190,"Croissy-sur-Seine",10060,"YVELINES","ILE-DE-FRANCE",2941.52046784
"165",78490,"Plaisir",31074,"YVELINES","ILE-DE-FRANCE",1760.56657224
"166",77069,"Chailly-en-Bière",1974,"SEINE-ET-MARNE","ILE-DE-FRANCE",151.03289977
"167",78564,"Saint-Martin-de-Bréthencourt",634,"YVELINES","ILE-DE-FRANCE",38.1009615385
"168",92062,"Puteaux",44683,"HAUTS-DE-SEINE","ILE-DE-FRANCE",14051.2578616
"169",77269,"Maincy",1691,"SEINE-ET-MARNE","ILE-DE-FRANCE",164.334305151
"170",77289,"Melz-sur-Seine",371,"SEINE-ET-MARNE","ILE-DE-FRANCE",20.0648999459
"171",77515,"Villeroy",700,"SEINE-ET-MARNE","ILE-DE-FRANCE",121.951219512
"172",95214,"Épinay-Champlâtreux",68,"VAL-D'OISE","ILE-DE-FRANCE",18.9415041783
"173",78245,"Fontenay-Mauvoisin",412,"YVELINES","ILE-DE-FRANCE",125.609756098
"174",95061,"Béthemont-la-Forêt",425,"VAL-D'OISE","ILE-DE-FRANCE",113.333333333
"175",91275,"Gometz-le-Châtel",2622,"ESSONNE","ILE-DE-FRANCE",523.353293413
"176",77137,"Courtacon",215,"SEINE-ET-MARNE","ILE-DE-FRANCE",17.6663927691
"177",78299,"Hardricourt",2076,"YVELINES","ILE-DE-FRANCE",614.201183432
"178",77171,"Esbly",5882,"SEINE-ET-MARNE","ILE-DE-FRANCE",1897.41935484
"179",95063,"Bezons",28330,"VAL-D'OISE","ILE-DE-FRANCE",6761.33651551
"180",77006,"Arbonne-la-Forêt",1025,"SEINE-ET-MARNE","ILE-DE-FRANCE",68.1515957447
"181",77399,"Saint-Ange-le-Viel",229,"SEINE-ET-MARNE","ILE-DE-FRANCE",70.4615384615
"182",95652,"Viarmes",5084,"VAL-D'OISE","ILE-DE-FRANCE",615.496368039
"183",77003,"Amponville",388,"SEINE-ET-MARNE","ILE-DE-FRANCE",32.5230511316
"184",94041,"Ivry-sur-Seine",58185,"VAL-DE-MARNE","ILE-DE-FRANCE",9491.84339315
"185",78089,"Bonnières-sur-Seine",4427,"YVELINES","ILE-DE-FRANCE",556.855345912
"186",94070,"Santeny",3688,"VAL-DE-MARNE","ILE-DE-FRANCE",368.063872255
"187",77534,"Yèbles",664,"SEINE-ET-MARNE","ILE-DE-FRANCE",56.5587734242
"188",91037,"Auvernaux",343,"ESSONNE","ILE-DE-FRANCE",52.8505392912
"189",94079,"Villiers-sur-Marne",27222,"VAL-DE-MARNE","ILE-DE-FRANCE",6286.83602771
"190",77227,"Hermé",624,"SEINE-ET-MARNE","ILE-DE-FRANCE",39.1713747646
"191",77333,"Nemours",12822,"SEINE-ET-MARNE","ILE-DE-FRANCE",1270.76313181
"192",78057,"Bennecourt",1812,"YVELINES","ILE-DE-FRANCE",262.228654124
"193",77256,"Lizines",174,"SEINE-ET-MARNE","ILE-DE-FRANCE",30.0518134715
"194",95218,"Éragny",16912,"VAL-D'OISE","ILE-DE-FRANCE",3598.29787234
"195",78524,"Rocquencourt",3217,"YVELINES","ILE-DE-FRANCE",1113.14878893
"196",92051,"Neuilly-sur-Seine",61797,"HAUTS-DE-SEINE","ILE-DE-FRANCE",16612.0967742
"197",77120,"Cocherel",614,"SEINE-ET-MARNE","ILE-DE-FRANCE",73.4449760766
"198",77457,"Solers",1246,"SEINE-ET-MARNE","ILE-DE-FRANCE",199.679487179
"199",78464,"Orcemont",843,"YVELINES","ILE-DE-FRANCE",79.6033994334
"200",77147,"La Croix-en-Brie",669,"SEINE-ET-MARNE","ILE-DE-FRANCE",22.7319062181
"201",77180,"Férolles-Attilly",1135,"SEINE-ET-MARNE","ILE-DE-FRANCE",88.671875
"202",91244,"Fontenay-le-Vicomte",1282,"ESSONNE","ILE-DE-FRANCE",186.880466472
"203",95446,"Nesles-la-Vallée",1808,"VAL-D'OISE","ILE-DE-FRANCE",133.628972653
"204",77298,"Mons-en-Montois",482,"SEINE-ET-MARNE","ILE-DE-FRANCE",76.8740031898
"205",77279,"Marolles-sur-Seine",1609,"SEINE-ET-MARNE","ILE-DE-FRANCE",79.7719385226
"206",78126,"La Celle-Saint-Cloud",21181,"YVELINES","ILE-DE-FRANCE",3608.34752981
"207",77513,"Villenoy",4161,"SEINE-ET-MARNE","ILE-DE-FRANCE",566.89373297
"208",77377,"Presles-en-Brie",2281,"SEINE-ET-MARNE","ILE-DE-FRANCE",130.791284404
"209",77163,"Douy-la-Ramée",301,"SEINE-ET-MARNE","ILE-DE-FRANCE",38.0050505051
"210",94021,"Chevilly-Larue",18532,"VAL-DE-MARNE","ILE-DE-FRANCE",4391.46919431
"211",77014,"Avon",14084,"SEINE-ET-MARNE","ILE-DE-FRANCE",3686.91099476
"212",77532,"Vulaines-lès-Provins",67,"SEINE-ET-MARNE","ILE-DE-FRANCE",6.23836126629
"213",78346,"Longnes",1455,"YVELINES","ILE-DE-FRANCE",103.928571429
"214",77533,"Vulaines-sur-Seine",2640,"SEINE-ET-MARNE","ILE-DE-FRANCE",600
"215",77524,"Vimpelles",503,"SEINE-ET-MARNE","ILE-DE-FRANCE",44.1615452151
"216",78255,"Freneuse",3933,"YVELINES","ILE-DE-FRANCE",374.928503337
"217",95489,"Piscop",725,"VAL-D'OISE","ILE-DE-FRANCE",175.544794189
"218",95355,"Magny-en-Vexin",5858,"VAL-D'OISE","ILE-DE-FRANCE",404.278812974
"219",77290,"Méry-sur-Marne",627,"SEINE-ET-MARNE","ILE-DE-FRANCE",109.807355517
"220",77287,"Meilleray",511,"SEINE-ET-MARNE","ILE-DE-FRANCE",65.4289372599
"221",91573,"Saint-Pierre-du-Perray",8618,"ESSONNE","ILE-DE-FRANCE",732.200509771
"222",91631,"Varennes-Jarcy",2360,"ESSONNE","ILE-DE-FRANCE",425.225225225
"223",94080,"Vincennes",48649,"VAL-DE-MARNE","ILE-DE-FRANCE",25470.6806283
"224",78030,"Auffargis",1991,"YVELINES","ILE-DE-FRANCE",114.755043228
"225",77181,"Ferrières-en-Brie",2243,"SEINE-ET-MARNE","ILE-DE-FRANCE",365.309446254
"226",77248,"Lesches",701,"SEINE-ET-MARNE","ILE-DE-FRANCE",171.393643032
"227",91629,"Valpuiseaux",620,"ESSONNE","ILE-DE-FRANCE",33.1373597007
"228",91114,"Brunoy",25492,"ESSONNE","ILE-DE-FRANCE",3868.28528073
"229",77043,"Boitron",396,"SEINE-ET-MARNE","ILE-DE-FRANCE",76.8932038835
"230",78194,"Dannemarie",243,"YVELINES","ILE-DE-FRANCE",70.2312138728
"231",95651,"Vétheuil",901,"VAL-D'OISE","ILE-DE-FRANCE",205.239179954
"232",77045,"Bougligny",720,"SEINE-ET-MARNE","ILE-DE-FRANCE",43.9828955406
"233",77242,"Jutigny",560,"SEINE-ET-MARNE","ILE-DE-FRANCE",121.739130435
"234",77510,"Villeneuve-Saint-Denis",728,"SEINE-ET-MARNE","ILE-DE-FRANCE",98.1132075472
"235",78267,"Gargenville",6811,"YVELINES","ILE-DE-FRANCE",787.398843931
"236",78096,"Bourdonné",502,"YVELINES","ILE-DE-FRANCE",45.9286367795
"237",91376,"Marolles-en-Hurepoix",4870,"ESSONNE","ILE-DE-FRANCE",743.511450382
"238",95351,"Louvres",9553,"VAL-D'OISE","ILE-DE-FRANCE",841.674008811
"239",78036,"Autouillet",475,"YVELINES","ILE-DE-FRANCE",92.5925925926
"240",78688,"Voisins-le-Bretonneux",11631,"YVELINES","ILE-DE-FRANCE",3204.1322314
"241",77434,"Saint-Sauveur-lès-Bray",339,"SEINE-ET-MARNE","ILE-DE-FRANCE",52.4767801858
"242",91272,"Gif-sur-Yvette",20622,"ESSONNE","ILE-DE-FRANCE",1732.94117647
"243",78206,"Ecquevilly",3937,"YVELINES","ILE-DE-FRANCE",349.334516415
"244",93046,"Livry-Gargan",42036,"SEINE-SAINT-DENIS","ILE-DE-FRANCE",5711.41304348
"245",77391,"Rouilly",486,"SEINE-ET-MARNE","ILE-DE-FRANCE",62.3076923077
"246",77077,"Chambry",920,"SEINE-ET-MARNE","ILE-DE-FRANCE",94.358974359
"247",77354,"Pamfou",936,"SEINE-ET-MARNE","ILE-DE-FRANCE",90
"248",95170,"Condécourt",557,"VAL-D'OISE","ILE-DE-FRANCE",79.7994269341
"249",92019,"Châtenay-Malabry",32083,"HAUTS-DE-SEINE","ILE-DE-FRANCE",5028.68338558
"250",93013,"Le Bourget",14978,"SEINE-SAINT-DENIS","ILE-DE-FRANCE",7342.15686275
"251",78104,"Breuil-Bois-Robert",713,"YVELINES","ILE-DE-FRANCE",186.64921466
"252",77337,"Noisiel",15786,"SEINE-ET-MARNE","ILE-DE-FRANCE",3671.1627907
"253",91247,"La Forêt-le-Roi",485,"ESSONNE","ILE-DE-FRANCE",60.9296482412
"254",94060,"La Queue-en-Brie",11506,"VAL-DE-MARNE","ILE-DE-FRANCE",1227.96157951
"255",93064,"Rosny-sous-Bois",41254,"SEINE-SAINT-DENIS","ILE-DE-FRANCE",6968.58108108
"256",77314,"Montolivet",243,"SEINE-ET-MARNE","ILE-DE-FRANCE",14.8080438757
"257",94017,"Champigny-sur-Marne",75800,"VAL-DE-MARNE","ILE-DE-FRANCE",6702.03359859
"258",91378,"Mauchamps",283,"ESSONNE","ILE-DE-FRANCE",90.4153354633
"259",77168,"Égreville",2182,"SEINE-ET-MARNE","ILE-DE-FRANCE",68.8762626263
"260",77452,"Sigy",47,"SEINE-ET-MARNE","ILE-DE-FRANCE",9.85324947589
"261",77485,"Le Vaudoué",754,"SEINE-ET-MARNE","ILE-DE-FRANCE",43.9393939394
"262",77037,"Bois-le-Roi",5649,"SEINE-ET-MARNE","ILE-DE-FRANCE",813.976945245
"263",78522,"Rochefort-en-Yvelines",937,"YVELINES","ILE-DE-FRANCE",73.3176838811
"264",91521,"Ris-Orangis",26988,"ESSONNE","ILE-DE-FRANCE",3212.85714286
"265",91035,"Authon-la-Plaine",365,"ESSONNE","ILE-DE-FRANCE",34.8282442748
"266",93015,"Coubron",4712,"SEINE-SAINT-DENIS","ILE-DE-FRANCE",1121.9047619
"267",77286,"Meigneux",236,"SEINE-ET-MARNE","ILE-DE-FRANCE",30.3732303732
"268",91414,"Monnerville",400,"ESSONNE","ILE-DE-FRANCE",48.309178744
"269",91432,"Morangis",12592,"ESSONNE","ILE-DE-FRANCE",2617.87941788
"270",91534,"Saclay",3439,"ESSONNE","ILE-DE-FRANCE",250.838803793
"271",78217,"Épône",6473,"YVELINES","ILE-DE-FRANCE",484.143605086
"272",78364,"Marcq",711,"YVELINES","ILE-DE-FRANCE",148.125
"273",95387,"Menouville",91,"VAL-D'OISE","ILE-DE-FRANCE",32.7338129496
"274",77228,"Hondevilliers",240,"SEINE-ET-MARNE","ILE-DE-FRANCE",43.2432432432
"275",78006,"Adainville",753,"YVELINES","ILE-DE-FRANCE",73.6070381232
"276",94077,"Villeneuve-le-Roi",18610,"VAL-DE-MARNE","ILE-DE-FRANCE",2194.5754717
"277",95150,"Chaussy",627,"VAL-D'OISE","ILE-DE-FRANCE",42.5084745763
"278",78305,"Herbeville",265,"YVELINES","ILE-DE-FRANCE",40.8320493066
"279",78401,"Meulan-en-Yvelines",8921,"YVELINES","ILE-DE-FRANCE",2585.79710145
"280",78383,"Maurepas",18928,"YVELINES","ILE-DE-FRANCE",2240
"281",77184,"Flagy",645,"SEINE-ET-MARNE","ILE-DE-FRANCE",89.4590846047
"282",78113,"Brueil-en-Vexin",683,"YVELINES","ILE-DE-FRANCE",91.9246298789
"283",95658,"Vigny",1072,"VAL-D'OISE","ILE-DE-FRANCE",157.415565345
"284",78623,"Le Tremblay-sur-Mauldre",979,"YVELINES","ILE-DE-FRANCE",161.818181818
"285",77234,"Jablines",650,"SEINE-ET-MARNE","ILE-DE-FRANCE",80.5452292441
"286",77113,"Chevru",1081,"SEINE-ET-MARNE","ILE-DE-FRANCE",77.2142857143
"287",94073,"Thiais",29229,"VAL-DE-MARNE","ILE-DE-FRANCE",4538.66459627
"288",77326,"Nandy",5851,"SEINE-ET-MARNE","ILE-DE-FRANCE",681.140861467
"289",77278,"Marolles-en-Brie",395,"SEINE-ET-MARNE","ILE-DE-FRANCE",43.1222707424
"290",95452,"Nointel",846,"VAL-D'OISE","ILE-DE-FRANCE",261.111111111
"291",95052,"Beaumont-sur-Oise",9228,"VAL-D'OISE","ILE-DE-FRANCE",1647.85714286
"292",78403,"Mézy-sur-Seine",1964,"YVELINES","ILE-DE-FRANCE",409.166666667
"293",77291,"Le Mesnil-Amelot",851,"SEINE-ET-MARNE","ILE-DE-FRANCE",86.5717192269
"294",77472,"La Trétoire",441,"SEINE-ET-MARNE","ILE-DE-FRANCE",47.1657754011
"295",91293,"Guigneville-sur-Essonne",923,"ESSONNE","ILE-DE-FRANCE",99.7837837838
"296",95580,"Saint-Witz",2603,"VAL-D'OISE","ILE-DE-FRANCE",341.153342071
"297",77097,"Chartronges",285,"SEINE-ET-MARNE","ILE-DE-FRANCE",34.4202898551
"298",77395,"Rumont",124,"SEINE-ET-MARNE","ILE-DE-FRANCE",18.7594553707
"299",78609,"Tessancourt-sur-Aubette",947,"YVELINES","ILE-DE-FRANCE",212.808988764
"300",77295,"Moisenay",1238,"SEINE-ET-MARNE","ILE-DE-FRANCE",142.626728111
"301",78072,"Boinvilliers",264,"YVELINES","ILE-DE-FRANCE",73.1301939058
"302",78565,"Saint-Martin-des-Champs",317,"YVELINES","ILE-DE-FRANCE",50.9646302251
"303",95177,"Cormeilles-en-Vexin",1133,"VAL-D'OISE","ILE-DE-FRANCE",119.137749737
"304",95625,"Us",1327,"VAL-D'OISE","ILE-DE-FRANCE",120.96627165
"305",77010,"Aubepierre-Ozouer-le-Repos",895,"SEINE-ET-MARNE","ILE-DE-FRANCE",33.3830660201
"306",95258,"Frouville",364,"VAL-D'OISE","ILE-DE-FRANCE",48.8590604027
"307",91685,"Villiers-sur-Orge",3886,"ESSONNE","ILE-DE-FRANCE",2170.94972067
"308",95585,"Sarcelles",58398,"VAL-D'OISE","ILE-DE-FRANCE",6960.42908224
"309",93061,"Le Pré-Saint-Gervais",18075,"SEINE-SAINT-DENIS","ILE-DE-FRANCE",25821.4285714
"310",91067,"Blandy",118,"ESSONNE","ILE-DE-FRANCE",14.9178255373
"311",78344,"Lommoye",647,"YVELINES","ILE-DE-FRANCE",67.5365344468
"312",77095,"Charny",1225,"SEINE-ET-MARNE","ILE-DE-FRANCE",97.687400319
"313",77125,"Condé-Sainte-Libiaire",1416,"SEINE-ET-MARNE","ILE-DE-FRANCE",664.788732394
"314",91525,"Roinville",1243,"ESSONNE","ILE-DE-FRANCE",92.0740740741
"315",78677,"Villette",515,"YVELINES","ILE-DE-FRANCE",111.471861472
"316",91112,"Brouy",128,"ESSONNE","ILE-DE-FRANCE",15.0943396226
"317",95055,"Bellefontaine",433,"VAL-D'OISE","ILE-DE-FRANCE",57.1994715984
"318",91386,"Mennecy",13344,"ESSONNE","ILE-DE-FRANCE",1195.69892473
"319",94047,"Mandres-les-Roses",4415,"VAL-DE-MARNE","ILE-DE-FRANCE",1310.08902077
"320",95428,"Montmorency",20945,"VAL-D'OISE","ILE-DE-FRANCE",4020.15355086
"321",78321,"Jouars-Pontchartrain",5297,"YVELINES","ILE-DE-FRANCE",541.615541922
"322",78601,"Sonchamp",1589,"YVELINES","ILE-DE-FRANCE",34.2604570936
"323",77231,"Isles-les-Meldeuses",776,"SEINE-ET-MARNE","ILE-DE-FRANCE",113.284671533
"324",91200,"Dourdan",10036,"ESSONNE","ILE-DE-FRANCE",326.692708333
"325",91649,"Vert-le-Petit",2682,"ESSONNE","ILE-DE-FRANCE",391.532846715
"326",95154,"Chennevières-lès-Louvres",336,"VAL-D'OISE","ILE-DE-FRANCE",73.0434782609
"327",95476,"Osny",16333,"VAL-D'OISE","ILE-DE-FRANCE",1328.96663954
"328",91552,"Saint-Germain-lès-Arpajon",9324,"ESSONNE","ILE-DE-FRANCE",1477.65451664
"329",91657,"Vigneux-sur-Seine",28289,"ESSONNE","ILE-DE-FRANCE",3150.22271715
"330",77058,"Bussy-Saint-Georges",25135,"SEINE-ET-MARNE","ILE-DE-FRANCE",1647.11664482
"331",77366,"Le Plessis-l'Évêque",257,"SEINE-ET-MARNE","ILE-DE-FRANCE",71.9887955182
"332",91106,"Breux-Jouy",1224,"ESSONNE","ILE-DE-FRANCE",258.773784355
"333",95040,"Avernes",827,"VAL-D'OISE","ILE-DE-FRANCE",66.0015961692
"334",78343,"Les Loges-en-Josas",1546,"YVELINES","ILE-DE-FRANCE",620.883534137
"335",77313,"Montmachoux",233,"SEINE-ET-MARNE","ILE-DE-FRANCE",52.7149321267
"336",77201,"Gastins",684,"SEINE-ET-MARNE","ILE-DE-FRANCE",45.8137977227
"337",78236,"Flexanville",581,"YVELINES","ILE-DE-FRANCE",65.5756207675
"338",78264,"Gambaiseuil",72,"YVELINES","ILE-DE-FRANCE",3.75782881002
"339",92012,"Boulogne-Billancourt",116220,"HAUTS-DE-SEINE","ILE-DE-FRANCE",18897.5609756
"340",91399,"Mespuits",202,"ESSONNE","ILE-DE-FRANCE",20.2404809619
"341",77530,"Voulton",301,"SEINE-ET-MARNE","ILE-DE-FRANCE",11.4492202358
"342",92046,"Malakoff",30768,"HAUTS-DE-SEINE","ILE-DE-FRANCE",14863.7681159
"343",77007,"Argentières",395,"SEINE-ET-MARNE","ILE-DE-FRANCE",153.100775194
"344",93008,"Bobigny",47224,"SEINE-SAINT-DENIS","ILE-DE-FRANCE",7006.52818991
"345",78498,"Poissy",37662,"YVELINES","ILE-DE-FRANCE",2912.76102088
"346",93010,"Bondy",53051,"SEINE-SAINT-DENIS","ILE-DE-FRANCE",9680.83941606
"347",77001,"Achères-la-Forêt",1232,"SEINE-ET-MARNE","ILE-DE-FRANCE",97.933227345
"348",77193,"Forfry",271,"SEINE-ET-MARNE","ILE-DE-FRANCE",46.3247863248
"349",77508,"Villeneuve-le-Comte",1791,"SEINE-ET-MARNE","ILE-DE-FRANCE",93.3298593017
"350",91435,"Morsang-sur-Seine",524,"ESSONNE","ILE-DE-FRANCE",118.552036199
"351",91671,"Villeneuve-sur-Auvers",598,"ESSONNE","ILE-DE-FRANCE",84.2253521127
"352",95205,"Écouen",7313,"VAL-D'OISE","ILE-DE-FRANCE",958.453473132
"353",78090,"Bouafle",2106,"YVELINES","ILE-DE-FRANCE",302.152080344
"354",77034,"Blandy",735,"SEINE-ET-MARNE","ILE-DE-FRANCE",52.0907158044
"355",77204,"Germigny-sous-Coulombs",203,"SEINE-ET-MARNE","ILE-DE-FRANCE",31.1827956989
"356",77294,"Mitry-Mory",18828,"SEINE-ET-MARNE","ILE-DE-FRANCE",628.857715431
"357",78311,"Houilles",31952,"YVELINES","ILE-DE-FRANCE",7148.098434
"358",77081,"Champdeuil",662,"SEINE-ET-MARNE","ILE-DE-FRANCE",163.861386139
"359",78624,"Triel-sur-Seine",11549,"YVELINES","ILE-DE-FRANCE",839.316860465
"360",92040,"Issy-les-Moulineaux",65326,"HAUTS-DE-SEINE","ILE-DE-FRANCE",15370.8235294
"361",77061,"Cannes-Écluse",2540,"SEINE-ET-MARNE","ILE-DE-FRANCE",294.322132097
"362",78163,"Civry-la-Forêt",370,"YVELINES","ILE-DE-FRANCE",39.5721925134
"363",95682,"Villiers-le-Sec",182,"VAL-D'OISE","ILE-DE-FRANCE",57.0532915361
"364",78416,"Montalet-le-Bois",334,"YVELINES","ILE-DE-FRANCE",109.868421053
"365",78518,"Rennemoulin",112,"YVELINES","ILE-DE-FRANCE",50.6787330317
"366",91284,"Les Granges-le-Roi",1080,"ESSONNE","ILE-DE-FRANCE",84.2433697348
"367",93050,"Neuilly-sur-Marne",34005,"SEINE-SAINT-DENIS","ILE-DE-FRANCE",4878.7661406
"368",95529,"Ronquerolles",860,"VAL-D'OISE","ILE-DE-FRANCE",180.672268908
"369",78138,"Chanteloup-les-Vignes",9614,"YVELINES","ILE-DE-FRANCE",2811.11111111
"370",78444,"Neauphlette",881,"YVELINES","ILE-DE-FRANCE",90.1740020471
"371",95056,"Belloy-en-France",2017,"VAL-D'OISE","ILE-DE-FRANCE",211.647429171
"372",92071,"Sceaux",19930,"HAUTS-DE-SEINE","ILE-DE-FRANCE",5536.11111111
"373",95142,"Chars",1862,"VAL-D'OISE","ILE-DE-FRANCE",110.308056872
"374",95298,"Haravilliers",548,"VAL-D'OISE","ILE-DE-FRANCE",49.3693693694
"375",77091,"Les Chapelles-Bourbon",413,"SEINE-ET-MARNE","ILE-DE-FRANCE",64.2301710731
"376",77274,"Marcilly",446,"SEINE-ET-MARNE","ILE-DE-FRANCE",64.450867052
"377",78442,"Neauphle-le-Château",3028,"YVELINES","ILE-DE-FRANCE",1376.36363636
"378",92007,"Bagneux",38002,"HAUTS-DE-SEINE","ILE-DE-FRANCE",9091.38755981
"379",93071,"Sevran",50053,"SEINE-SAINT-DENIS","ILE-DE-FRANCE",6856.57534247
"380",93073,"Tremblay-en-France",34452,"SEINE-SAINT-DENIS","ILE-DE-FRANCE",1525.09960159
"381",78640,"Vélizy-Villacoublay",20711,"YVELINES","ILE-DE-FRANCE",2308.91861761
"382",91137,"Champmotteux",384,"ESSONNE","ILE-DE-FRANCE",50.8609271523
"383",77492,"Verdelot",709,"SEINE-ET-MARNE","ILE-DE-FRANCE",27.6736924278
"384",77417,"Saint-Léger",205,"SEINE-ET-MARNE","ILE-DE-FRANCE",20.9397344229
"385",77327,"Nangis",8165,"SEINE-ET-MARNE","ILE-DE-FRANCE",337.675765095
"386",95627,"Vallangoujard",634,"VAL-D'OISE","ILE-DE-FRANCE",84.3085106383
"387",78396,"Le Mesnil-le-Roi",6408,"YVELINES","ILE-DE-FRANCE",1704.25531915
"388",94003,"Arcueil",20100,"VAL-DE-MARNE","ILE-DE-FRANCE",8626.60944206
"389",77414,"Saint-Hilliers",454,"SEINE-ET-MARNE","ILE-DE-FRANCE",23.8070267436
"390",77235,"Jaignes",291,"SEINE-ET-MARNE","ILE-DE-FRANCE",28.6417322835
"391",77368,"Poigny",496,"SEINE-ET-MARNE","ILE-DE-FRANCE",82.9431438127
"392",91207,"Égly",5314,"ESSONNE","ILE-DE-FRANCE",1335.1758794
"393",78451,"Nézel",1070,"YVELINES","ILE-DE-FRANCE",798.507462687
"394",93057,"Les Pavillons-sous-Bois",22117,"SEINE-SAINT-DENIS","ILE-DE-FRANCE",7548.46416382
"395",77202,"La Genevraye",622,"SEINE-ET-MARNE","ILE-DE-FRANCE",46.6616654164
"396",78087,"Bonnelles",1922,"YVELINES","ILE-DE-FRANCE",178.458681523
"397",95271,"Génicourt",490,"VAL-D'OISE","ILE-DE-FRANCE",75.9689922481
"398",94059,"Le Plessis-Trévise",19095,"VAL-DE-MARNE","ILE-DE-FRANCE",4389.65517241
"399",77425,"Saint-Martin-en-Bière",797,"SEINE-ET-MARNE","ILE-DE-FRANCE",101.013941698
"400",77057,"Bussières",461,"SEINE-ET-MARNE","ILE-DE-FRANCE",55.4753309266
"401",77157,"Dhuisy",281,"SEINE-ET-MARNE","ILE-DE-FRANCE",34.394124847
"402",77233,"Iverny",585,"SEINE-ET-MARNE","ILE-DE-FRANCE",334.285714286
"403",91619,"Torfou",272,"ESSONNE","ILE-DE-FRANCE",78.1609195402
"404",77527,"Voinsles",584,"SEINE-ET-MARNE","ILE-DE-FRANCE",20.4912280702
"405",77440,"Sammeron",1051,"SEINE-ET-MARNE","ILE-DE-FRANCE",170.064724919
"406",78329,"Lainville-en-Vexin",828,"YVELINES","ILE-DE-FRANCE",106.563706564
"407",91022,"Arrancourt",124,"ESSONNE","ILE-DE-FRANCE",16.3804491413
"408",77393,"Rozay-en-Brie",2770,"SEINE-ET-MARNE","ILE-DE-FRANCE",876.582278481
"409",77474,"Trilbardou",652,"SEINE-ET-MARNE","ILE-DE-FRANCE",81.195516812
"410",77426,"Saint-Méry",380,"SEINE-ET-MARNE","ILE-DE-FRANCE",38.1526104418
"411",77250,"Leudon-en-Brie",164,"SEINE-ET-MARNE","ILE-DE-FRANCE",37.528604119
"412",95127,"Cergy",58341,"VAL-D'OISE","ILE-DE-FRANCE",4012.44841816
"413",95612,"Le Thillay",4124,"VAL-D'OISE","ILE-DE-FRANCE",1041.41414141
"414",91359,"Maisse",2698,"ESSONNE","ILE-DE-FRANCE",125.605214153
"415",93047,"Montfermeil",25963,"SEINE-SAINT-DENIS","ILE-DE-FRANCE",4790.22140221
"416",95309,"Hodent",241,"VAL-D'OISE","ILE-DE-FRANCE",54.6485260771
"417",77367,"Le Plessis-Placy",272,"SEINE-ET-MARNE","ILE-DE-FRANCE",33.0097087379
"418",77162,"Doue",1009,"SEINE-ET-MARNE","ILE-DE-FRANCE",50.45
"419",77203,"Germigny-l'Évêque",1357,"SEINE-ET-MARNE","ILE-DE-FRANCE",115.784982935
"420",94044,"Limeil-Brévannes",20663,"VAL-DE-MARNE","ILE-DE-FRANCE",2960.31518625
"421",77310,"Montigny-le-Guesdier",298,"SEINE-ET-MARNE","ILE-DE-FRANCE",37.8172588832
"422",77386,"Recloses",699,"SEINE-ET-MARNE","ILE-DE-FRANCE",74.9196141479
"423",77282,"Mauregard",317,"SEINE-ET-MARNE","ILE-DE-FRANCE",36.3115693013
"424",91248,"La Forêt-Sainte-Croix",157,"ESSONNE","ILE-DE-FRANCE",29.7348484848
"425",91593,"Sermaise",1666,"ESSONNE","ILE-DE-FRANCE",120.375722543
"426",77275,"Les Marêts",154,"SEINE-ET-MARNE","ILE-DE-FRANCE",28.8389513109
"427",95480,"Parmain",5553,"VAL-D'OISE","ILE-DE-FRANCE",627.457627119
"428",77226,"Héricy",2538,"SEINE-ET-MARNE","ILE-DE-FRANCE",236.533084809
"429",77322,"Moussy-le-Neuf",2935,"SEINE-ET-MARNE","ILE-DE-FRANCE",197.643097643
"430",77119,"Clos-Fontaine",265,"SEINE-ET-MARNE","ILE-DE-FRANCE",44.3143812709
"431",77505,"Villemareuil",397,"SEINE-ET-MARNE","ILE-DE-FRANCE",37.1028037383
"432",93032,"Gagny",39378,"SEINE-SAINT-DENIS","ILE-DE-FRANCE",5633.47639485
"433",77501,"Villecerf",704,"SEINE-ET-MARNE","ILE-DE-FRANCE",64.4688644689
"434",77067,"Cesson",9092,"SEINE-ET-MARNE","ILE-DE-FRANCE",1302.57879656
"435",77085,"Chanteloup-en-Brie",2403,"SEINE-ET-MARNE","ILE-DE-FRANCE",755.660377358
"436",91473,"Orveau",196,"ESSONNE","ILE-DE-FRANCE",45.9016393443
"437",77099,"Château-Landon",3125,"SEINE-ET-MARNE","ILE-DE-FRANCE",106.184165817
"438",77436,"Saint-Siméon",874,"SEINE-ET-MARNE","ILE-DE-FRANCE",67.3862760216
"439",78020,"Arnouville-lès-Mantes",864,"YVELINES","ILE-DE-FRANCE",87.2727272727
"440",78384,"Médan",1436,"YVELINES","ILE-DE-FRANCE",493.470790378
"441",91318,"Janville-sur-Juine",1902,"ESSONNE","ILE-DE-FRANCE",179.603399433
"442",78397,"Le Mesnil-Saint-Denis",6611,"YVELINES","ILE-DE-FRANCE",728.083700441
"443",78647,"Vert",797,"YVELINES","ILE-DE-FRANCE",211.968085106
"444",91363,"Marcoussis",7987,"ESSONNE","ILE-DE-FRANCE",476.835820896
"445",95370,"Marines",3313,"VAL-D'OISE","ILE-DE-FRANCE",399.638118215
"446",91339,"Linas",6519,"ESSONNE","ILE-DE-FRANCE",857.763157895
"447",78551,"Saint-Germain-en-Laye",40653,"YVELINES","ILE-DE-FRANCE",822.935222672
"448",77263,"Luisetaines",238,"SEINE-ET-MARNE","ILE-DE-FRANCE",46.7583497053
"449",77387,"Remauville",475,"SEINE-ET-MARNE","ILE-DE-FRANCE",43.7384898711
"450",91038,"Auvers-Saint-Georges",1237,"ESSONNE","ILE-DE-FRANCE",97.0196078431
"451",95102,"Bréançon",362,"VAL-D'OISE","ILE-DE-FRANCE",33.8951310861
"452",78431,"Morainvilliers",2473,"YVELINES","ILE-DE-FRANCE",331.501340483
"453",92076,"Vaucresson",8612,"HAUTS-DE-SEINE","ILE-DE-FRANCE",2787.05501618
"454",95213,"Épiais-Rhus",649,"VAL-D'OISE","ILE-DE-FRANCE",61.927480916
"455",78545,"Saint-Cyr-l'École",17655,"YVELINES","ILE-DE-FRANCE",3454.99021526
"456",78231,"Favrieux",149,"YVELINES","ILE-DE-FRANCE",46.8553459119
"457",92060,"Le Plessis-Robinson",28113,"HAUTS-DE-SEINE","ILE-DE-FRANCE",8244.28152493
"458",95212,"Épiais-lès-Louvres",98,"VAL-D'OISE","ILE-DE-FRANCE",28.5714285714
"459",91326,"Juvisy-sur-Orge",14924,"ESSONNE","ILE-DE-FRANCE",6692.37668161
"460",93048,"Montreuil",103068,"SEINE-SAINT-DENIS","ILE-DE-FRANCE",11580.6741573
"461",77301,"Montceaux-lès-Provins",333,"SEINE-ET-MARNE","ILE-DE-FRANCE",21.6093445814
"462",95348,"Longuesse",532,"VAL-D'OISE","ILE-DE-FRANCE",62.2950819672
"463",77140,"Coutençon",289,"SEINE-ET-MARNE","ILE-DE-FRANCE",46.463022508
"464",77102,"Châtenoy",155,"SEINE-ET-MARNE","ILE-DE-FRANCE",31.25
"465",77005,"Annet-sur-Marne",3229,"SEINE-ET-MARNE","ILE-DE-FRANCE",246.676852559
"466",77429,"Saint-Ouen-sur-Morin",557,"SEINE-ET-MARNE","ILE-DE-FRANCE",148.138297872
"467",95026,"Asnières-sur-Oise",2531,"VAL-D'OISE","ILE-DE-FRANCE",178.616796048
"468",78686,"Viroflay",15723,"YVELINES","ILE-DE-FRANCE",4492.28571429
"469",77372,"Pomponne",3547,"SEINE-ET-MARNE","ILE-DE-FRANCE",485.890410959
"470",95023,"Arronville",656,"VAL-D'OISE","ILE-DE-FRANCE",40.9743910056
"471",95331,"Lassy",185,"VAL-D'OISE","ILE-DE-FRANCE",93.4343434343
"472",77079,"Champagne-sur-Seine",6499,"SEINE-ET-MARNE","ILE-DE-FRANCE",889.056087551
"473",77454,"Sognolles-en-Montois",420,"SEINE-ET-MARNE","ILE-DE-FRANCE",40.8958130477
"474",77462,"Thieux",801,"SEINE-ET-MARNE","ILE-DE-FRANCE",66.6389351082
"475",77438,"Saint-Thibault-des-Vignes",6259,"SEINE-ET-MARNE","ILE-DE-FRANCE",1366.59388646
"476",91075,"Bois-Herpin",76,"ESSONNE","ILE-DE-FRANCE",19.1435768262
"477",77080,"Champcenest",147,"SEINE-ET-MARNE","ILE-DE-FRANCE",11.5566037736
"478",92002,"Antony",62012,"HAUTS-DE-SEINE","ILE-DE-FRANCE",6486.61087866
"479",78152,"Chavenay",1892,"YVELINES","ILE-DE-FRANCE",308.646003263
"480",77364,"Le Plessis-aux-Bois",236,"SEINE-ET-MARNE","ILE-DE-FRANCE",69.2082111437
"481",78404,"Millemont",248,"YVELINES","ILE-DE-FRANCE",42.6850258176
"482",77200,"Garentreville",103,"SEINE-ET-MARNE","ILE-DE-FRANCE",15.9442724458
"483",77446,"Savins",621,"SEINE-ET-MARNE","ILE-DE-FRANCE",93.8066465257
"484",78162,"Choisel",535,"YVELINES","ILE-DE-FRANCE",59.7098214286
"485",94015,"Bry-sur-Marne",15987,"VAL-DE-MARNE","ILE-DE-FRANCE",4800.9009009
"486",91519,"Richarville",406,"ESSONNE","ILE-DE-FRANCE",38.7404580153
"487",77344,"Oissery",2124,"SEINE-ET-MARNE","ILE-DE-FRANCE",140.383344349
"488",77444,"Sancy-lès-Provins",340,"SEINE-ET-MARNE","ILE-DE-FRANCE",18.6301369863
"489",77225,"La Haute-Maison",363,"SEINE-ET-MARNE","ILE-DE-FRANCE",28.0525502318
"490",91665,"La Ville-du-Bois",7118,"ESSONNE","ILE-DE-FRANCE",2005.07042254
"491",78335,"Limay",16304,"YVELINES","ILE-DE-FRANCE",1412.82495667
"492",95018,"Argenteuil",104282,"VAL-D'OISE","ILE-DE-FRANCE",5996.66474986
"493",78362,"Mantes-la-Ville",19839,"YVELINES","ILE-DE-FRANCE",3179.32692308
"494",77475,"Trilport",4866,"SEINE-ET-MARNE","ILE-DE-FRANCE",445.196706313
"495",78076,"Boissets",267,"YVELINES","ILE-DE-FRANCE",67.7664974619
"496",95539,"Saint-Brice-sous-Forêt",14361,"VAL-D'OISE","ILE-DE-FRANCE",2397.49582638
"497",91570,"Saint-Michel-sur-Orge",20224,"ESSONNE","ILE-DE-FRANCE",3801.5037594
"498",91654,"Videlles",647,"ESSONNE","ILE-DE-FRANCE",73.606370876
"499",77309,"Monthyon",1644,"SEINE-ET-MARNE","ILE-DE-FRANCE",135.643564356
"500",78317,"Jambville",826,"YVELINES","ILE-DE-FRANCE",168.228105906
"501",78638,"Vaux-sur-Seine",4798,"YVELINES","ILE-DE-FRANCE",569.15776987
"502",77484,"Vaucourtois",213,"SEINE-ET-MARNE","ILE-DE-FRANCE",46.0043196544
"503",91001,"Abbéville-la-Rivière",279,"ESSONNE","ILE-DE-FRANCE",18.6
"504",78125,"La Celle-les-Bordes",909,"YVELINES","ILE-DE-FRANCE",39.7637795276
"505",91041,"Avrainville",777,"ESSONNE","ILE-DE-FRANCE",83.7284482759
"506",91223,"Étampes",24013,"ESSONNE","ILE-DE-FRANCE",521.908280809
"507",77082,"Champeaux",810,"SEINE-ET-MARNE","ILE-DE-FRANCE",61.8792971734
"508",94067,"Saint-Mandé",22292,"VAL-DE-MARNE","ILE-DE-FRANCE",24768.8888889
"509",95554,"Saint-Gervais",961,"VAL-D'OISE","ILE-DE-FRANCE",71.609538003
"510",91045,"Ballancourt-sur-Essonne",7425,"ESSONNE","ILE-DE-FRANCE",651.88762072
"511",95157,"Chérence",153,"VAL-D'OISE","ILE-DE-FRANCE",17.6878612717
"512",95365,"Mareil-en-France",700,"VAL-D'OISE","ILE-DE-FRANCE",100.143061516
"513",91080,"Boissy-le-Cutté",1319,"ESSONNE","ILE-DE-FRANCE",286.739130435
"514",95690,"Wy-dit-Joli-Village",322,"VAL-D'OISE","ILE-DE-FRANCE",38.1516587678
"515",77470,"Tournan-en-Brie",8174,"SEINE-ET-MARNE","ILE-DE-FRANCE",527.35483871
"516",95254,"Frémécourt",539,"VAL-D'OISE","ILE-DE-FRANCE",125.05800464
"517",77408,"Saint-Fiacre",395,"SEINE-ET-MARNE","ILE-DE-FRANCE",141.071428571
"518",91635,"Vauhallan",1969,"ESSONNE","ILE-DE-FRANCE",593.072289157
"519",77411,"Saint-Germain-sous-Doue",483,"SEINE-ET-MARNE","ILE-DE-FRANCE",47.8217821782
"520",78230,"La Falaise",607,"YVELINES","ILE-DE-FRANCE",199.016393443
"521",95051,"Beauchamp",8713,"VAL-D'OISE","ILE-DE-FRANCE",2856.72131148
"522",77050,"Bransles",519,"SEINE-ET-MARNE","ILE-DE-FRANCE",37.4729241877
"523",91099,"Boutigny-sur-Essonne",3061,"ESSONNE","ILE-DE-FRANCE",188.717632552
"524",77519,"Villiers-Saint-Georges",1205,"SEINE-ET-MARNE","ILE-DE-FRANCE",36.2515042118
"525",78238,"Flins-sur-Seine",2389,"YVELINES","ILE-DE-FRANCE",272.095671982
"526",77369,"Poincy",701,"SEINE-ET-MARNE","ILE-DE-FRANCE",112.33974359
"527",78009,"Allainville",298,"YVELINES","ILE-DE-FRANCE",18.2598039216
"528",78192,"Dammartin-en-Serve",1055,"YVELINES","ILE-DE-FRANCE",76.3386396527
"529",77491,"Veneux-les-Sablons",4820,"SEINE-ET-MARNE","ILE-DE-FRANCE",1201.99501247
"530",78033,"Aulnay-sur-Mauldre",1156,"YVELINES","ILE-DE-FRANCE",516.071428571
"531",91156,"Cheptainville",1901,"ESSONNE","ILE-DE-FRANCE",262.932226833
"532",95203,"Eaubonne",24300,"VAL-D'OISE","ILE-DE-FRANCE",5535.30751708
"533",77237,"Jossigny",632,"SEINE-ET-MARNE","ILE-DE-FRANCE",65.4922279793
"534",78242,"Fontenay-le-Fleury",12981,"YVELINES","ILE-DE-FRANCE",2326.34408602
"535",77453,"Sivry-Courtry",1027,"SEINE-ET-MARNE","ILE-DE-FRANCE",45.8277554663
"536",77165,"Les Écrennes",608,"SEINE-ET-MARNE","ILE-DE-FRANCE",32.7409800754
"537",77191,"Fontenailles",1062,"SEINE-ET-MARNE","ILE-DE-FRANCE",38.6744355426
"538",91047,"Baulne",1302,"ESSONNE","ILE-DE-FRANCE",159.168704156
"539",77247,"Lescherolles",482,"SEINE-ET-MARNE","ILE-DE-FRANCE",43.8580527753
"540",77529,"Voulangis",1546,"SEINE-ET-MARNE","ILE-DE-FRANCE",161.041666667
"541",93030,"Dugny",10783,"SEINE-SAINT-DENIS","ILE-DE-FRANCE",2779.12371134
"542",77143,"Crégy-lès-Meaux",4339,"SEINE-ET-MARNE","ILE-DE-FRANCE",1175.88075881
"543",77078,"Chamigny",1300,"SEINE-ET-MARNE","ILE-DE-FRANCE",91.613812544
"544",91533,"Saclas",1805,"ESSONNE","ILE-DE-FRANCE",131.84806428
"545",95257,"La Frette-sur-Seine",4574,"VAL-D'OISE","ILE-DE-FRANCE",2253.20197044
"546",91338,"Limours",6478,"ESSONNE","ILE-DE-FRANCE",459.758694109
"547",91639,"Vayres-sur-Essonne",893,"ESSONNE","ILE-DE-FRANCE",105.555555556
"548",91689,"Wissous",6093,"ESSONNE","ILE-DE-FRANCE",668.092105263
"549",95427,"Montmagny",14003,"VAL-D'OISE","ILE-DE-FRANCE",4828.62068966
"550",77268,"Magny-le-Hongre",6580,"SEINE-ET-MARNE","ILE-DE-FRANCE",1415.05376344
"551",78289,"Grosrouvre",949,"YVELINES","ILE-DE-FRANCE",75.1980982567
"552",77521,"Villiers-sur-Morin",1882,"SEINE-ET-MARNE","ILE-DE-FRANCE",300.159489633
"553",91195,"Dannemois",846,"ESSONNE","ILE-DE-FRANCE",99.5294117647
"554",77516,"Ville-Saint-Jacques",718,"SEINE-ET-MARNE","ILE-DE-FRANCE",67.2914714152
"555",78465,"Orgerus",2354,"YVELINES","ILE-DE-FRANCE",162.681409813
"556",95483,"Le Perchay",556,"VAL-D'OISE","ILE-DE-FRANCE",101.459854015
"557",77141,"Coutevroult",996,"SEINE-ET-MARNE","ILE-DE-FRANCE",125.598991173
"558",77331,"Nanteuil-sur-Marne",478,"SEINE-ET-MARNE","ILE-DE-FRANCE",376.377952756
"559",77152,"Dammarie-les-Lys",20661,"SEINE-ET-MARNE","ILE-DE-FRANCE",2017.67578125
"560",91330,"Lardy",5534,"ESSONNE","ILE-DE-FRANCE",718.701298701
"561",77304,"Montenils",34,"SEINE-ET-MARNE","ILE-DE-FRANCE",6.45161290323
"562",77481,"Vanvillé",167,"SEINE-ET-MARNE","ILE-DE-FRANCE",22.119205298
"563",91180,"Courances",350,"ESSONNE","ILE-DE-FRANCE",42.1179302046
"564",77343,"Ocquerre",426,"SEINE-ET-MARNE","ILE-DE-FRANCE",42.0118343195
"565",93059,"Pierrefitte-sur-Seine",28026,"SEINE-SAINT-DENIS","ILE-DE-FRANCE",8123.47826087
"566",95014,"Andilly",2520,"VAL-D'OISE","ILE-DE-FRANCE",916.363636364
"567",77490,"Vendrest",718,"SEINE-ET-MARNE","ILE-DE-FRANCE",40.5191873589
"568",77321,"Mousseaux-lès-Bray",707,"SEINE-ET-MARNE","ILE-DE-FRANCE",81.6397228637
"569",91390,"Méréville",3191,"ESSONNE","ILE-DE-FRANCE",116.929278124
"570",91589,"Savigny-sur-Orge",37132,"ESSONNE","ILE-DE-FRANCE",5297.0042796
"571",77378,"Pringy",2459,"SEINE-ET-MARNE","ILE-DE-FRANCE",596.844660194
"572",77432,"Saint-Rémy-la-Vanne",991,"SEINE-ET-MARNE","ILE-DE-FRANCE",65.5423280423
"573",94055,"Ormesson-sur-Marne",9921,"VAL-DE-MARNE","ILE-DE-FRANCE",2875.65217391
"574",77121,"Collégien",3099,"SEINE-ET-MARNE","ILE-DE-FRANCE",903.498542274
"575",77498,"Vignely",260,"SEINE-ET-MARNE","ILE-DE-FRANCE",72.4233983287
"576",77259,"Longperrier",2464,"SEINE-ET-MARNE","ILE-DE-FRANCE",529.892473118
"577",78297,"Guyancourt",28245,"YVELINES","ILE-DE-FRANCE",2130.09049774
"578",92024,"Clichy",59458,"HAUTS-DE-SEINE","ILE-DE-FRANCE",19304.5454545
"579",77149,"Cucharmoy",237,"SEINE-ET-MARNE","ILE-DE-FRANCE",18.4292379471
"580",77036,"Boisdon",97,"SEINE-ET-MARNE","ILE-DE-FRANCE",22.2988505747
"581",77363,"Le Pin",1269,"SEINE-ET-MARNE","ILE-DE-FRANCE",188.558692422
"582",77480,"Valence-en-Brie",904,"SEINE-ET-MARNE","ILE-DE-FRANCE",82.1818181818
"583",78124,"Carrières-sur-Seine",15441,"YVELINES","ILE-DE-FRANCE",3033.59528487
"584",77270,"Maisoncelles-en-Brie",855,"SEINE-ET-MARNE","ILE-DE-FRANCE",62.8214548126
"585",91581,"Saint-Yon",899,"ESSONNE","ILE-DE-FRANCE",192.505353319
"586",95119,"Buhy",310,"VAL-D'OISE","ILE-DE-FRANCE",44.5402298851
"587",95308,"Hérouville",607,"VAL-D'OISE","ILE-DE-FRANCE",71.4117647059
"588",95395,"Le Mesnil-Aubry",897,"VAL-D'OISE","ILE-DE-FRANCE",131.718061674
"589",78302,"La Hauteville",175,"YVELINES","ILE-DE-FRANCE",35.7873210634
"590",77487,"Vaux-le-Pénil",10803,"SEINE-ET-MARNE","ILE-DE-FRANCE",913.959390863
"591",78158,"Le Chesnay",29226,"YVELINES","ILE-DE-FRANCE",6796.74418605
"592",95500,"Pontoise",29885,"VAL-D'OISE","ILE-DE-FRANCE",4150.69444444
"593",78043,"Bailly",3902,"YVELINES","ILE-DE-FRANCE",588.536953243
"594",77261,"Lorrez-le-Bocage-Préaux",1252,"SEINE-ET-MARNE","ILE-DE-FRANCE",63.3282751644
"595",77460,"Tancrou",385,"SEINE-ET-MARNE","ILE-DE-FRANCE",31.6611842105
"596",78325,"Jumeauville",584,"YVELINES","ILE-DE-FRANCE",75.8441558442
"597",91235,"Fleury-Mérogis",9110,"ESSONNE","ILE-DE-FRANCE",1419.00311526
"598",91679,"Villiers-le-Bâcle",1231,"ESSONNE","ILE-DE-FRANCE",201.803278689
"599",77106,"Chauffry",1021,"SEINE-ET-MARNE","ILE-DE-FRANCE",199.804305284
"600",91093,"Boullay-les-Troux",640,"ESSONNE","ILE-DE-FRANCE",131.147540984
"601",91215,"Épinay-sous-Sénart",12129,"ESSONNE","ILE-DE-FRANCE",3350.55248619
"602",77288,"Melun",39497,"SEINE-ET-MARNE","ILE-DE-FRANCE",4937.125
"603",92020,"Châtillon",33405,"HAUTS-DE-SEINE","ILE-DE-FRANCE",11401.0238908
"604",91405,"Milly-la-Forêt",4765,"ESSONNE","ILE-DE-FRANCE",141.478622328
"605",94052,"Nogent-sur-Marne",31795,"VAL-DE-MARNE","ILE-DE-FRANCE",11355.3571429
"606",77070,"Chailly-en-Brie",1443,"SEINE-ET-MARNE","ILE-DE-FRANCE",80.3005008347
"607",78385,"Ménerville",205,"YVELINES","ILE-DE-FRANCE",58.2386363636
"608",78407,"Mittainville",603,"YVELINES","ILE-DE-FRANCE",56.407857811
"609",77332,"Nantouillet",267,"SEINE-ET-MARNE","ILE-DE-FRANCE",51.7441860465
"610",95388,"Menucourt",5363,"VAL-D'OISE","ILE-DE-FRANCE",1449.45945946
"611",78269,"Gazeran",1256,"YVELINES","ILE-DE-FRANCE",48.7956487956
"612",78237,"Flins-Neuve-Église",163,"YVELINES","ILE-DE-FRANCE",133.606557377
"613",77044,"Bombon",860,"SEINE-ET-MARNE","ILE-DE-FRANCE",57.4482297929
"614",77415,"Saint-Jean-les-Deux-Jumeaux",1098,"SEINE-ET-MARNE","ILE-DE-FRANCE",81.6964285714
"615",91691,"Yerres",28933,"ESSONNE","ILE-DE-FRANCE",2907.83919598
"616",77459,"Sourdun",1457,"SEINE-ET-MARNE","ILE-DE-FRANCE",62.2117847993
"617",95091,"Bouffémont",5942,"VAL-D'OISE","ILE-DE-FRANCE",1297.37991266
"618",77360,"Pézarches",395,"SEINE-ET-MARNE","ILE-DE-FRANCE",43.7915742794
"619",77024,"Bassevelle",349,"SEINE-ET-MARNE","ILE-DE-FRANCE",19.908727895
"620",77216,"Grez-sur-Loing",1424,"SEINE-ET-MARNE","ILE-DE-FRANCE",108.951798011
"621",77300,"Montceaux-lès-Meaux",607,"SEINE-ET-MARNE","ILE-DE-FRANCE",129.700854701
"622",95141,"Charmont",27,"VAL-D'OISE","ILE-DE-FRANCE",7.5
"623",91482,"Pecqueuse",626,"ESSONNE","ILE-DE-FRANCE",83.5781041389
"624",77212,"Gravon",145,"SEINE-ET-MARNE","ILE-DE-FRANCE",19.1798941799
"625",77260,"Longueville",1760,"SEINE-ET-MARNE","ILE-DE-FRANCE",315.41218638
"626",95183,"Courdimanche",6533,"VAL-D'OISE","ILE-DE-FRANCE",1156.28318584
"627",95392,"Mériel",4756,"VAL-D'OISE","ILE-DE-FRANCE",888.971962617
"628",91130,"Chalo-Saint-Mars",1152,"ESSONNE","ILE-DE-FRANCE",39.724137931
"629",77156,"Darvault",818,"SEINE-ET-MARNE","ILE-DE-FRANCE",104.071246819
"630",78356,"Magny-les-Hameaux",9100,"YVELINES","ILE-DE-FRANCE",545.890821836
"631",78367,"Mareil-Marly",3518,"YVELINES","ILE-DE-FRANCE",1976.40449438
"632",91560,"Saint-Jean-de-Beauregard",279,"ESSONNE","ILE-DE-FRANCE",69.5760598504
"633",95252,"Franconville",33512,"VAL-D'OISE","ILE-DE-FRANCE",5379.13322632
"634",95019,"Arnouville",13737,"VAL-D'OISE","ILE-DE-FRANCE",4769.79166667
"635",77302,"Montcourt-Fromonville",2073,"SEINE-ET-MARNE","ILE-DE-FRANCE",256.242274413
"636",77229,"La Houssaye-en-Brie",1618,"SEINE-ET-MARNE","ILE-DE-FRANCE",130.168946098
"637",78300,"Hargeville",409,"YVELINES","ILE-DE-FRANCE",58.5959885387
"638",95219,"Ermont",27304,"VAL-D'OISE","ILE-DE-FRANCE",6500.95238095
"639",77038,"Boissettes",463,"SEINE-ET-MARNE","ILE-DE-FRANCE",287.577639752
"640",77222,"Guignes",3364,"SEINE-ET-MARNE","ILE-DE-FRANCE",587.085514834
"641",77431,"Saint-Pierre-lès-Nemours",5575,"SEINE-ET-MARNE","ILE-DE-FRANCE",257.030889811
"642",95094,"Bouqueval",338,"VAL-D'OISE","ILE-DE-FRANCE",119.434628975
"643",77296,"Moissy-Cramayel",17243,"SEINE-ET-MARNE","ILE-DE-FRANCE",1210.03508772
"644",77132,"Coupvray",2656,"SEINE-ET-MARNE","ILE-DE-FRANCE",328.306551298
"645",91198,"D'Huison-Longueville",1406,"ESSONNE","ILE-DE-FRANCE",140.881763527
"646",91333,"Leuville-sur-Orge",4094,"ESSONNE","ILE-DE-FRANCE",1637.6
"647",77240,"Jouy-sur-Morin",2171,"SEINE-ET-MARNE","ILE-DE-FRANCE",117.541959935
"648",91458,"Nozay",4736,"ESSONNE","ILE-DE-FRANCE",641.734417344
"649",78423,"Montigny-le-Bretonneux",33567,"YVELINES","ILE-DE-FRANCE",3125.41899441
"650",78497,"Poigny-la-Forêt",1017,"YVELINES","ILE-DE-FRANCE",43.1114879186
"651",77244,"Larchant",751,"SEINE-ET-MARNE","ILE-DE-FRANCE",25.6664388243
"652",77292,"Messy",1097,"SEINE-ET-MARNE","ILE-DE-FRANCE",106.608357629
"653",77389,"La Rochette",3151,"SEINE-ET-MARNE","ILE-DE-FRANCE",536.797274276
"654",77404,"Sainte-Colombe",1786,"SEINE-ET-MARNE","ILE-DE-FRANCE",219.41031941
"655",95422,"Montgeroult",416,"VAL-D'OISE","ILE-DE-FRANCE",82.2134387352
"656",95436,"Mours",1340,"VAL-D'OISE","ILE-DE-FRANCE",536
"657",77398,"Sablonnières",699,"SEINE-ET-MARNE","ILE-DE-FRANCE",50.0716332378
"658",78227,"Évecquemont",788,"YVELINES","ILE-DE-FRANCE",310.236220472
"659",77483,"Varreddes",1856,"SEINE-ET-MARNE","ILE-DE-FRANCE",231.133250311
"660",91630,"Le Val-Saint-Germain",1448,"ESSONNE","ILE-DE-FRANCE",114.466403162
"661",95078,"Boissy-l'Aillerie",1769,"VAL-D'OISE","ILE-DE-FRANCE",309.265734266
"662",78188,"Cravent",423,"YVELINES","ILE-DE-FRANCE",68.8925081433
"663",95429,"Montreuil-sur-Epte",442,"VAL-D'OISE","ILE-DE-FRANCE",60.3825136612
"664",77283,"May-en-Multien",899,"SEINE-ET-MARNE","ILE-DE-FRANCE",47.0680628272
"665",77051,"Bray-sur-Seine",2427,"SEINE-ET-MARNE","ILE-DE-FRANCE",1139.43661972
"666",77271,"Maisoncelles-en-Gâtinais",134,"SEINE-ET-MARNE","ILE-DE-FRANCE",15.5995343423
"667",77392,"Rouvres",623,"SEINE-ET-MARNE","ILE-DE-FRANCE",149.759615385
"668",92064,"Saint-Cloud",29194,"HAUTS-DE-SEINE","ILE-DE-FRANCE",3882.18085106
"669",94065,"Rungis",5681,"VAL-DE-MARNE","ILE-DE-FRANCE",1352.61904762
"670",92047,"Marnes-la-Coquette",1659,"HAUTS-DE-SEINE","ILE-DE-FRANCE",476.724137931
"671",78550,"Saint-Germain-de-la-Grange",1819,"YVELINES","ILE-DE-FRANCE",341.275797373
"672",77004,"Andrezel",299,"SEINE-ET-MARNE","ILE-DE-FRANCE",37.004950495
"673",77230,"Ichy",173,"SEINE-ET-MARNE","ILE-DE-FRANCE",22.2651222651
"674",78262,"Galluis",1140,"YVELINES","ILE-DE-FRANCE",250
"675",77531,"Voulx",1745,"SEINE-ET-MARNE","ILE-DE-FRANCE",138.163103721
"676",91526,"Roinvilliers",91,"ESSONNE","ILE-DE-FRANCE",12.7272727273
"677",77478,"Ussy-sur-Marne",997,"SEINE-ET-MARNE","ILE-DE-FRANCE",72.6147123088
"678",77496,"Vieux-Champagne",179,"SEINE-ET-MARNE","ILE-DE-FRANCE",20.1349831271
"679",77451,"Signy-Signets",607,"SEINE-ET-MARNE","ILE-DE-FRANCE",45.2647278151
"680",91579,"Saint-Vrain",2850,"ESSONNE","ILE-DE-FRANCE",246.113989637
"681",94048,"Marolles-en-Brie",4916,"VAL-DE-MARNE","ILE-DE-FRANCE",1073.36244541
"682",94028,"Créteil",90528,"VAL-DE-MARNE","ILE-DE-FRANCE",7913.28671329
"683",94075,"Villecresnes",9712,"VAL-DE-MARNE","ILE-DE-FRANCE",1718.9380531
"684",77443,"Sancy",382,"SEINE-ET-MARNE","ILE-DE-FRANCE",70.2205882353
"685",78501,"Porcheville",3071,"YVELINES","ILE-DE-FRANCE",663.282937365
"686",78128,"Cernay-la-Ville",1642,"YVELINES","ILE-DE-FRANCE",163.70887338
"687",78437,"Mousseaux-sur-Seine",617,"YVELINES","ILE-DE-FRANCE",85.6944444444
"688",93066,"Saint-Denis",107762,"SEINE-SAINT-DENIS","ILE-DE-FRANCE",8704.52342488
"689",94037,"Gentilly",16892,"VAL-DE-MARNE","ILE-DE-FRANCE",14437.6068376
"690",77089,"La Chapelle-Rablais",962,"SEINE-ET-MARNE","ILE-DE-FRANCE",62.3056994819
"691",93045,"Les Lilas",22505,"SEINE-SAINT-DENIS","ILE-DE-FRANCE",17861.1111111
"692",77104,"Châtres",593,"SEINE-ET-MARNE","ILE-DE-FRANCE",39.090309822
"693",77055,"Brou-sur-Chantereine",4324,"SEINE-ET-MARNE","ILE-DE-FRANCE",987.214611872
"694",77063,"La Celle-sur-Morin",1269,"SEINE-ET-MARNE","ILE-DE-FRANCE",168.974700399
"695",94068,"Saint-Maur-des-Fossés",74818,"VAL-DE-MARNE","ILE-DE-FRANCE",6662.33303651
"696",91121,"Buno-Bonnevaux",479,"ESSONNE","ILE-DE-FRANCE",30.0125313283
"697",95424,"Montigny-lès-Cormeilles",19442,"VAL-D'OISE","ILE-DE-FRANCE",4788.66995074
"698",77455,"Soignolles-en-Brie",2077,"SEINE-ET-MARNE","ILE-DE-FRANCE",193.029739777
"699",77486,"Vaudoy-en-Brie",849,"SEINE-ET-MARNE","ILE-DE-FRANCE",30.8615049073
"700",77205,"Gesvres-le-Chapitre",165,"SEINE-ET-MARNE","ILE-DE-FRANCE",38.8235294118
"701",77100,"Le Châtelet-en-Brie",4413,"SEINE-ET-MARNE","ILE-DE-FRANCE",193.892794376
"702",77318,"Mortcerf",1455,"SEINE-ET-MARNE","ILE-DE-FRANCE",82.2033898305
"703",78133,"Chambourcy",5845,"YVELINES","ILE-DE-FRANCE",732.456140351
"704",77041,"Boissy-aux-Cailles",311,"SEINE-ET-MARNE","ILE-DE-FRANCE",19.0447030006
"705",95144,"Châtenay-en-France",71,"VAL-D'OISE","ILE-DE-FRANCE",22.8295819936
"706",95426,"Montlignon",2607,"VAL-D'OISE","ILE-DE-FRANCE",924.468085106
"707",77174,"Everly",592,"SEINE-ET-MARNE","ILE-DE-FRANCE",67.5028506271
"708",77042,"Boissy-le-Châtel",3110,"SEINE-ET-MARNE","ILE-DE-FRANCE",312.877263581
"709",78354,"Magnanville",5904,"YVELINES","ILE-DE-FRANCE",1379.43925234
"710",78588,"Saulx-Marchais",902,"YVELINES","ILE-DE-FRANCE",410
"711",95199,"Domont",14996,"VAL-D'OISE","ILE-DE-FRANCE",1760.09389671
"712",78220,"Les Essarts-le-Roi",6298,"YVELINES","ILE-DE-FRANCE",321.983640082
"713",78605,"Tacoignières",1058,"YVELINES","ILE-DE-FRANCE",329.595015576
"714",78513,"La Queue-les-Yvelines",2164,"YVELINES","ILE-DE-FRANCE",374.394463668
"715",91421,"Montgeron",22941,"ESSONNE","ILE-DE-FRANCE",2055.64516129
"716",92033,"Garches",18118,"HAUTS-DE-SEINE","ILE-DE-FRANCE",6685.60885609
"717",93005,"Aulnay-sous-Bois",81880,"SEINE-SAINT-DENIS","ILE-DE-FRANCE",5069.96904025
"718",78642,"Verneuil-sur-Seine",15466,"YVELINES","ILE-DE-FRANCE",1611.04166667
"719",77359,"Perthes",2127,"SEINE-ET-MARNE","ILE-DE-FRANCE",174.058919804
"720",77026,"Beauchery-Saint-Martin",411,"SEINE-ET-MARNE","ILE-DE-FRANCE",14.7629310345
"721",78486,"Le Perray-en-Yvelines",6669,"YVELINES","ILE-DE-FRANCE",494
"722",77116,"Choisy-en-Brie",1356,"SEINE-ET-MARNE","ILE-DE-FRANCE",54.1966426859
"723",77127,"Coubert",1962,"SEINE-ET-MARNE","ILE-DE-FRANCE",232.464454976
"724",77317,"Mormant",4433,"SEINE-ET-MARNE","ILE-DE-FRANCE",268.341404358
"725",78140,"Chapet",1195,"YVELINES","ILE-DE-FRANCE",230.250481696
"726",77381,"Quiers",690,"SEINE-ET-MARNE","ILE-DE-FRANCE",58.524173028
"727",95456,"Noisy-sur-Oise",688,"VAL-D'OISE","ILE-DE-FRANCE",180.577427822
"728",78417,"Montchauvet",281,"YVELINES","ILE-DE-FRANCE",34.9068322981
"729",77416,"Saint-Just-en-Brie",237,"SEINE-ET-MARNE","ILE-DE-FRANCE",31.983805668
"730",78291,"Guerville",2109,"YVELINES","ILE-DE-FRANCE",208.193484699
"731",95268,"Garges-lès-Gonesse",39730,"VAL-D'OISE","ILE-DE-FRANCE",7303.30882353
"732",78118,"Buchelay",2406,"YVELINES","ILE-DE-FRANCE",486.060606061
"733",78536,"Sailly",380,"YVELINES","ILE-DE-FRANCE",69.5970695971
"734",91105,"Breuillet",8361,"ESSONNE","ILE-DE-FRANCE",1242.34769688
"735",94038,"L'Haÿ-les-Roses",30574,"VAL-DE-MARNE","ILE-DE-FRANCE",7839.48717949
"736",91274,"Gometz-la-Ville",1387,"ESSONNE","ILE-DE-FRANCE",143.285123967
"737",77293,"Misy-sur-Yonne",983,"SEINE-ET-MARNE","ILE-DE-FRANCE",156.279809221
"738",95060,"Bessancourt",6811,"VAL-D'OISE","ILE-DE-FRANCE",1069.23076923
"739",93062,"Le Raincy",13928,"SEINE-SAINT-DENIS","ILE-DE-FRANCE",6135.68281938
"740",95110,"Brignancourt",202,"VAL-D'OISE","ILE-DE-FRANCE",64.7435897436
"741",91315,"Itteville",6568,"ESSONNE","ILE-DE-FRANCE",533.983739837
"742",77101,"Châtenay-sur-Seine",955,"SEINE-ET-MARNE","ILE-DE-FRANCE",71.2686567164
"743",95282,"Gouzangrez",176,"VAL-D'OISE","ILE-DE-FRANCE",228.571428571
"744",95510,"Puiseux-Pontoise",422,"VAL-D'OISE","ILE-DE-FRANCE",108.483290488
"745",91347,"Longpont-sur-Orge",6476,"ESSONNE","ILE-DE-FRANCE",1277.31755424
"746",91600,"Soisy-sur-Seine",6922,"ESSONNE","ILE-DE-FRANCE",796.547756041
"747",77086,"La Chapelle-Gauthier",1491,"SEINE-ET-MARNE","ILE-DE-FRANCE",86.6860465116
"748",77272,"Maison-Rouge",893,"SEINE-ET-MARNE","ILE-DE-FRANCE",64.2446043165
"749",77349,"Othis",6458,"SEINE-ET-MARNE","ILE-DE-FRANCE",495.625479662
"750",77176,"Faremoutiers",2465,"SEINE-ET-MARNE","ILE-DE-FRANCE",226.979742173
"751",77217,"Grisy-Suisnes",2395,"SEINE-ET-MARNE","ILE-DE-FRANCE",131.376851344
"752",91546,"Saint-Cyr-sous-Dourdan",1007,"ESSONNE","ILE-DE-FRANCE",99.9007936508
"753",95394,"Méry-sur-Oise",9290,"VAL-D'OISE","ILE-DE-FRANCE",934.607645875
"754",77338,"Noisy-Rudignon",599,"SEINE-ET-MARNE","ILE-DE-FRANCE",143.301435407
"755",91100,"Bouville",626,"ESSONNE","ILE-DE-FRANCE",29.9092212136
"756",92023,"Clamart",52731,"HAUTS-DE-SEINE","ILE-DE-FRANCE",6019.52054795
"757",95527,"Roissy-en-France",2869,"VAL-D'OISE","ILE-DE-FRANCE",201.900070373
"758",77123,"Compans",723,"SEINE-ET-MARNE","ILE-DE-FRANCE",135.902255639
"759",77383,"Rampillon",799,"SEINE-ET-MARNE","ILE-DE-FRANCE",34.6187175043
"760",77219,"Guérard",2250,"SEINE-ET-MARNE","ILE-DE-FRANCE",113.521695257
"761",77518,"Villiers-en-Bière",218,"SEINE-ET-MARNE","ILE-DE-FRANCE",20.4119850187
"762",95607,"Taverny",26195,"VAL-D'OISE","ILE-DE-FRANCE",2513.91554702
"763",91225,"Étiolles",3101,"ESSONNE","ILE-DE-FRANCE",264.590443686
"764",91292,"Guibeville",711,"ESSONNE","ILE-DE-FRANCE",269.318181818
"765",91079,"Boissy-la-Rivière",559,"ESSONNE","ILE-DE-FRANCE",44.72
"766",78224,"L'Étang-la-Ville",4729,"YVELINES","ILE-DE-FRANCE",882.276119403
"767",78005,"Achères",19606,"YVELINES","ILE-DE-FRANCE",2057.29275971
"768",91544,"Saint-Cyr-la-Rivière",505,"ESSONNE","ILE-DE-FRANCE",57.7142857143
"769",93039,"L'Île-Saint-Denis",7037,"SEINE-SAINT-DENIS","ILE-DE-FRANCE",4021.14285714
"770",77403,"Saint-Brice",665,"SEINE-ET-MARNE","ILE-DE-FRANCE",57.7758470895
"771",78569,"Sainte-Mesme",929,"YVELINES","ILE-DE-FRANCE",111.25748503
"772",92048,"Meudon",45010,"HAUTS-DE-SEINE","ILE-DE-FRANCE",4523.61809045
"773",91345,"Longjumeau",21510,"ESSONNE","ILE-DE-FRANCE",4425.92592593
"774",95680,"Villiers-le-Bel",27428,"VAL-D'OISE","ILE-DE-FRANCE",3757.26027397
"775",78337,"Limetz-Villez",1904,"YVELINES","ILE-DE-FRANCE",201.055966209
"776",77169,"Émerainville",7253,"SEINE-ET-MARNE","ILE-DE-FRANCE",1358.23970037
"777",78349,"Longvilliers",510,"YVELINES","ILE-DE-FRANCE",36.11898017
"778",91568,"Saint-Maurice-Montcouronne",1626,"ESSONNE","ILE-DE-FRANCE",178.289473684
"779",77108,"Chelles",52817,"SEINE-ET-MARNE","ILE-DE-FRANCE",3299.00062461
"780",77161,"Dormelles",862,"SEINE-ET-MARNE","ILE-DE-FRANCE",66.5637065637
"781",77371,"Pommeuse",2844,"SEINE-ET-MARNE","ILE-DE-FRANCE",220.979020979
"782",78285,"Gressey",542,"YVELINES","ILE-DE-FRANCE",75.6983240223
"783",77241,"Juilly",2189,"SEINE-ET-MARNE","ILE-DE-FRANCE",282.816537468
"784",91136,"Champlan",2596,"ESSONNE","ILE-DE-FRANCE",699.730458221
"785",94033,"Fontenay-sous-Bois",52723,"VAL-DE-MARNE","ILE-DE-FRANCE",9448.56630824
"786",91648,"Vert-le-Grand",2404,"ESSONNE","ILE-DE-FRANCE",148.946716233
"787",95259,"Gadancourt",93,"VAL-D'OISE","ILE-DE-FRANCE",19.6617336152
"788",78672,"Villennes-sur-Seine",5103,"YVELINES","ILE-DE-FRANCE",1016.53386454
"789",77177,"Favières",1101,"SEINE-ET-MARNE","ILE-DE-FRANCE",38.8222849083
"790",77198,"Fromont",212,"SEINE-ET-MARNE","ILE-DE-FRANCE",19.8874296435
"791",95450,"Neuville-sur-Oise",1994,"VAL-D'OISE","ILE-DE-FRANCE",470.283018868
"792",95270,"Genainville",564,"VAL-D'OISE","ILE-DE-FRANCE",53.4090909091
"793",77507,"Villenauxe-la-Petite",495,"SEINE-ET-MARNE","ILE-DE-FRANCE",23.8669238187
"794",77342,"Obsonville",100,"SEINE-ET-MARNE","ILE-DE-FRANCE",14.3061516452
"795",78283,"Grandchamp",313,"YVELINES","ILE-DE-FRANCE",51.4802631579
"796",77040,"Boissise-le-Roi",3616,"SEINE-ET-MARNE","ILE-DE-FRANCE",507.865168539
"797",91599,"Soisy-sur-École",1346,"ESSONNE","ILE-DE-FRANCE",116.738941891
"798",77002,"Amillis",781,"SEINE-ET-MARNE","ILE-DE-FRANCE",38.6060306476
"799",94053,"Noiseau",4679,"VAL-DE-MARNE","ILE-DE-FRANCE",1021.61572052
"800",77022,"Barbizon",1357,"SEINE-ET-MARNE","ILE-DE-FRANCE",252.230483271
"801",78070,"Boinville-en-Mantois",321,"YVELINES","ILE-DE-FRANCE",65.1115618661
"802",78165,"Les Clayes-sous-Bois",17678,"YVELINES","ILE-DE-FRANCE",2898.03278689
"803",78334,"Lévis-Saint-Nom",1708,"YVELINES","ILE-DE-FRANCE",203.333333333
"804",77394,"Rubelles",1903,"SEINE-ET-MARNE","ILE-DE-FRANCE",486.700767263
"805",77523,"Villuis",260,"SEINE-ET-MARNE","ILE-DE-FRANCE",27.8969957082
"806",77048,"Bourron-Marlotte",2683,"SEINE-ET-MARNE","ILE-DE-FRANCE",238.277087034
"807",91145,"Chatignonville",53,"ESSONNE","ILE-DE-FRANCE",10.1923076923
"808",78484,"Perdreauville",630,"YVELINES","ILE-DE-FRANCE",55.8510638298
"809",77441,"Samois-sur-Seine",2100,"SEINE-ET-MARNE","ILE-DE-FRANCE",332.278481013
"810",78466,"Orgeval",5919,"YVELINES","ILE-DE-FRANCE",382.611506141
"811",91411,"Les Molières",1971,"ESSONNE","ILE-DE-FRANCE",279.574468085
"812",93070,"Saint-Ouen",47783,"SEINE-SAINT-DENIS","ILE-DE-FRANCE",11190.3981265
"813",95134,"Champagne-sur-Oise",4685,"VAL-D'OISE","ILE-DE-FRANCE",497.874601488
"814",77211,"Grandpuits-Bailly-Carrois",1007,"SEINE-ET-MARNE","ILE-DE-FRANCE",41.1188240098
"815",77280,"Mary-sur-Marne",1207,"SEINE-ET-MARNE","ILE-DE-FRANCE",534.07079646
"816",78010,"Les Alluets-le-Roi",1211,"YVELINES","ILE-DE-FRANCE",162.768817204
"817",92078,"Villeneuve-la-Garenne",25644,"HAUTS-DE-SEINE","ILE-DE-FRANCE",8013.75
"818",78171,"Condé-sur-Vesgre",1149,"YVELINES","ILE-DE-FRANCE",105.898617512
"819",95487,"Persan",10790,"VAL-D'OISE","ILE-DE-FRANCE",2071.01727447
"820",77482,"Varennes-sur-Seine",3377,"SEINE-ET-MARNE","ILE-DE-FRANCE",339.0562249
"821",77489,"Vaux-sur-Lunain",203,"SEINE-ET-MARNE","ILE-DE-FRANCE",23.9104829211
"822",91613,"Congerville-Thionville",227,"ESSONNE","ILE-DE-FRANCE",27.0883054893
"823",77098,"Châteaubleau",338,"SEINE-ET-MARNE","ILE-DE-FRANCE",99.7050147493
"824",91634,"Vaugrigneuse",1288,"ESSONNE","ILE-DE-FRANCE",209.090909091
"825",77347,"Les Ormes-sur-Voulzie",837,"SEINE-ET-MARNE","ILE-DE-FRANCE",68.4382665576
"826",78413,"Mondreville",386,"YVELINES","ILE-DE-FRANCE",86.1607142857
"827",91556,"Saint-Hilaire",393,"ESSONNE","ILE-DE-FRANCE",57.5402635432
"828",77068,"Cessoy-en-Montois",214,"SEINE-ET-MARNE","ILE-DE-FRANCE",40.4536862004
"829",93055,"Pantin",53797,"SEINE-SAINT-DENIS","ILE-DE-FRANCE",10652.8712871
"830",77528,"Voisenon",1027,"SEINE-ET-MARNE","ILE-DE-FRANCE",300.292397661
"831",77311,"Montigny-Lencoup",1283,"SEINE-ET-MARNE","ILE-DE-FRANCE",61.7420596728
"832",78402,"Mézières-sur-Seine",3556,"YVELINES","ILE-DE-FRANCE",328.9546716
"833",95197,"Deuil-la-Barre",21638,"VAL-D'OISE","ILE-DE-FRANCE",5785.56149733
"834",78481,"Le Pecq",16675,"YVELINES","ILE-DE-FRANCE",5810.10452962
"835",91319,"Janvry",585,"ESSONNE","ILE-DE-FRANCE",70.0598802395
"836",77252,"Limoges-Fourches",469,"SEINE-ET-MARNE","ILE-DE-FRANCE",58.625
"837",78208,"Élancourt",26389,"YVELINES","ILE-DE-FRANCE",2843.64224138
"838",78233,"Feucherolles",2847,"YVELINES","ILE-DE-FRANCE",216.009104704
"839",91097,"Boussy-Saint-Antoine",6241,"ESSONNE","ILE-DE-FRANCE",2137.32876712
"840",94022,"Choisy-le-Roi",41355,"VAL-DE-MARNE","ILE-DE-FRANCE",7644.17744917
"841",77033,"Bezalles",236,"SEINE-ET-MARNE","ILE-DE-FRANCE",88.3895131086
"842",77320,"Mouroux",4997,"SEINE-ET-MARNE","ILE-DE-FRANCE",299.042489527
"843",78123,"Carrières-sous-Poissy",15453,"YVELINES","ILE-DE-FRANCE",2134.39226519
"844",77308,"Montgé-en-Goële",693,"SEINE-ET-MARNE","ILE-DE-FRANCE",60.3133159269
"845",91131,"Chalou-Moulineux",417,"ESSONNE","ILE-DE-FRANCE",38.7906976744
"846",94011,"Bonneuil-sur-Marne",16237,"VAL-DE-MARNE","ILE-DE-FRANCE",2930.86642599
"847",78202,"Drocourt",522,"YVELINES","ILE-DE-FRANCE",134.88372093
"848",78082,"Boissy-Mauvoisin",624,"YVELINES","ILE-DE-FRANCE",121.875
"849",77380,"Puisieux",315,"SEINE-ET-MARNE","ILE-DE-FRANCE",34.0172786177
"850",77509,"Villeneuve-les-Bordes",609,"SEINE-ET-MARNE","ILE-DE-FRANCE",29.2086330935
"851",78196,"Davron",328,"YVELINES","ILE-DE-FRANCE",54.2148760331
"852",94058,"Le Perreux-sur-Marne",33214,"VAL-DE-MARNE","ILE-DE-FRANCE",8387.37373737
"853",95120,"Butry-sur-Oise",2057,"VAL-D'OISE","ILE-DE-FRANCE",739.928057554
"854",78314,"Issou",4552,"YVELINES","ILE-DE-FRANCE",954.29769392
"855",78590,"Senlisse",538,"YVELINES","ILE-DE-FRANCE",66.0122699387
"856",78084,"Boissy-sans-Avoir",578,"YVELINES","ILE-DE-FRANCE",142.014742015
"857",78455,"Noisy-le-Roi",7765,"YVELINES","ILE-DE-FRANCE",1386.60714286
"858",94034,"Fresnes",26371,"VAL-DE-MARNE","ILE-DE-FRANCE",7407.58426966
"859",95610,"Théméricourt",268,"VAL-D'OISE","ILE-DE-FRANCE",35.7333333333
"860",77493,"Verneuil-l'Étang",3185,"SEINE-ET-MARNE","ILE-DE-FRANCE",410.967741935
"861",77339,"Noisy-sur-École",2020,"SEINE-ET-MARNE","ILE-DE-FRANCE",67.6263809843
"862",77188,"Fontaine-le-Port",939,"SEINE-ET-MARNE","ILE-DE-FRANCE",119.011406844
"863",77307,"Montévrain",8950,"SEINE-ET-MARNE","ILE-DE-FRANCE",1633.21167883
"864",92077,"Ville-d'Avray",10733,"HAUTS-DE-SEINE","ILE-DE-FRANCE",2908.67208672
"865",95166,"Cléry-en-Vexin",404,"VAL-D'OISE","ILE-DE-FRANCE",79.2156862745
"866",78246,"Fontenay-Saint-Père",988,"YVELINES","ILE-DE-FRANCE",75.6508422665
"867",77500,"Villebéon",457,"SEINE-ET-MARNE","ILE-DE-FRANCE",27.7474195507
"868",78415,"Montainville",549,"YVELINES","ILE-DE-FRANCE",114.853556485
"869",95313,"L'Isle-Adam",11880,"VAL-D'OISE","ILE-DE-FRANCE",754.764930114
"870",95253,"Frémainville",492,"VAL-D'OISE","ILE-DE-FRANCE",87.7005347594
"871",95628,"Valmondois",1207,"VAL-D'OISE","ILE-DE-FRANCE",264.692982456
"872",77027,"Beaumont-du-Gâtinais",1159,"SEINE-ET-MARNE","ILE-DE-FRANCE",69.8192771084
"873",77361,"Pierre-Levée",473,"SEINE-ET-MARNE","ILE-DE-FRANCE",36.4126250962
"874",78290,"Guernes",1010,"YVELINES","ILE-DE-FRANCE",116.76300578
"875",78410,"Moisson",927,"YVELINES","ILE-DE-FRANCE",91.6007905138
"876",91240,"Fontaine-la-Rivière",212,"ESSONNE","ILE-DE-FRANCE",56.836461126
"877",95566,"Saint-Martin-du-Tertre",2649,"VAL-D'OISE","ILE-DE-FRANCE",225.638841567
"878",77407,"Saint-Fargeau-Ponthierry",12909,"SEINE-ET-MARNE","ILE-DE-FRANCE",778.119349005
"879",93079,"Villetaneuse",12642,"SEINE-SAINT-DENIS","ILE-DE-FRANCE",5425.75107296
"880",95633,"Vaudherland",79,"VAL-D'OISE","ILE-DE-FRANCE",790
"881",95491,"Le Plessis-Bouchard",7763,"VAL-D'OISE","ILE-DE-FRANCE",2974.32950192
"882",92026,"Courbevoie",88530,"HAUTS-DE-SEINE","ILE-DE-FRANCE",21230.2158273
"883",95024,"Arthies",304,"VAL-D'OISE","ILE-DE-FRANCE",40.6961178046
"884",77249,"Lésigny",7429,"SEINE-ET-MARNE","ILE-DE-FRANCE",741.417165669
"885",77463,"Thomery",3429,"SEINE-ET-MARNE","ILE-DE-FRANCE",911.968085106
"886",77465,"Thoury-Férottes",680,"SEINE-ET-MARNE","ILE-DE-FRANCE",41.312272175
"887",77015,"Baby",94,"SEINE-ET-MARNE","ILE-DE-FRANCE",22.8155339806
"888",77076,"Chalmaison",745,"SEINE-ET-MARNE","ILE-DE-FRANCE",74.1293532338
"889",92075,"Vanves",27022,"HAUTS-DE-SEINE","ILE-DE-FRANCE",17321.7948718
"890",78398,"Les Mesnuls",863,"YVELINES","ILE-DE-FRANCE",130.95599393
"891",78062,"Beynes",7676,"YVELINES","ILE-DE-FRANCE",412.244897959
"892",78358,"Maisons-Laffitte",23125,"YVELINES","ILE-DE-FRANCE",3336.94083694
"893",91129,"Cerny",3310,"ESSONNE","ILE-DE-FRANCE",191.884057971
"894",91514,"Quincy-sous-Sénart",8209,"ESSONNE","ILE-DE-FRANCE",1572.60536398
"895",78185,"Courgent",387,"YVELINES","ILE-DE-FRANCE",192.537313433
"896",77187,"Fontaine-Fourches",595,"SEINE-ET-MARNE","ILE-DE-FRANCE",49.7076023392
"897",77056,"Burcy",152,"SEINE-ET-MARNE","ILE-DE-FRANCE",21.8705035971
"898",77115,"Chevry-en-Sereine",507,"SEINE-ET-MARNE","ILE-DE-FRANCE",22.1107719145
"899",78567,"Saint-Martin-la-Garenne",931,"YVELINES","ILE-DE-FRANCE",58.3333333333
"900",91286,"Grigny",27179,"ESSONNE","ILE-DE-FRANCE",5424.9500998
"901",95430,"Montsoult",3393,"VAL-D'OISE","ILE-DE-FRANCE",885.90078329
"902",95555,"Saint-Gratien",20453,"VAL-D'OISE","ILE-DE-FRANCE",7464.59854015
"903",77479,"Vaires-sur-Marne",12812,"SEINE-ET-MARNE","ILE-DE-FRANCE",2107.23684211
"904",77315,"Montry",3343,"SEINE-ET-MARNE","ILE-DE-FRANCE",1177.11267606
"905",77112,"Chevrainvilliers",223,"SEINE-ET-MARNE","ILE-DE-FRANCE",24.9162011173
"906",91135,"Champcueil",2804,"ESSONNE","ILE-DE-FRANCE",170.35236938
"907",78381,"Maulette",796,"YVELINES","ILE-DE-FRANCE",100.378310214
"908",78380,"Maule",5764,"YVELINES","ILE-DE-FRANCE",332.219020173
"909",78558,"Saint-Illiers-la-Ville",342,"YVELINES","ILE-DE-FRANCE",51.3513513514
"910",77341,"Noyen-sur-Seine",370,"SEINE-ET-MARNE","ILE-DE-FRANCE",30.2534750613
"911",91666,"Villejust",2252,"ESSONNE","ILE-DE-FRANCE",419.366852886
"912",77060,"Buthiers",756,"SEINE-ET-MARNE","ILE-DE-FRANCE",38.5517593065
"913",77066,"Cerneux",311,"SEINE-ET-MARNE","ILE-DE-FRANCE",14.1556668184
"914",77126,"Congis-sur-Thérouanne",1765,"SEINE-ET-MARNE","ILE-DE-FRANCE",116.194865043
"915",77236,"Jaulnes",357,"SEINE-ET-MARNE","ILE-DE-FRANCE",22.523659306
"916",94071,"Sucy-en-Brie",25655,"VAL-DE-MARNE","ILE-DE-FRANCE",2464.45725264
"917",95574,"Saint-Prix",7243,"VAL-D'OISE","ILE-DE-FRANCE",909.924623116
"918",77133,"Courcelles-en-Bassée",234,"SEINE-ET-MARNE","ILE-DE-FRANCE",21.6266173752
"919",91095,"Bouray-sur-Juine",1990,"ESSONNE","ILE-DE-FRANCE",275.623268698
"920",77124,"Conches-sur-Gondoire",1735,"SEINE-ET-MARNE","ILE-DE-FRANCE",1133.9869281
"921",77402,"Saint-Barthélemy",397,"SEINE-ET-MARNE","ILE-DE-FRANCE",26.5374331551
"922",93072,"Stains",34830,"SEINE-SAINT-DENIS","ILE-DE-FRANCE",6461.96660482
"923",91175,"Corbreuse",1720,"ESSONNE","ILE-DE-FRANCE",108.517350158
"924",77023,"Barcy",249,"SEINE-ET-MARNE","ILE-DE-FRANCE",35.5714285714
"925",91103,"Brétigny-sur-Orge",24264,"ESSONNE","ILE-DE-FRANCE",1660.78028747
"926",77135,"Courpalay",1413,"SEINE-ET-MARNE","ILE-DE-FRANCE",95.9266802444
"927",91115,"Bruyères-le-Châtel",3389,"ESSONNE","ILE-DE-FRANCE",261.901081917
"928",95295,"Guiry-en-Vexin",159,"VAL-D'OISE","ILE-DE-FRANCE",25.6865912763
"929",78530,"Rosay",382,"YVELINES","ILE-DE-FRANCE",83.956043956
"930",77266,"Machault",739,"SEINE-ET-MARNE","ILE-DE-FRANCE",45.1711491443
"931",77059,"Bussy-Saint-Martin",726,"SEINE-ET-MARNE","ILE-DE-FRANCE",292.741935484
"932",91434,"Morsang-sur-Orge",21043,"ESSONNE","ILE-DE-FRANCE",4804.33789954
"933",77511,"Villeneuve-sous-Dammartin",636,"SEINE-ET-MARNE","ILE-DE-FRANCE",84.0158520476
"934",77179,"Féricy",582,"SEINE-ET-MARNE","ILE-DE-FRANCE",62.5134264232
"935",77194,"Forges",413,"SEINE-ET-MARNE","ILE-DE-FRANCE",31.1463046757
"936",78276,"Gommecourt",666,"YVELINES","ILE-DE-FRANCE",116.433566434
"937",95493,"Le Plessis-Luzarches",135,"VAL-D'OISE","ILE-DE-FRANCE",146.739130435
"938",91540,"Saint-Chéron",4817,"ESSONNE","ILE-DE-FRANCE",418.505647263
"939",78050,"Bazoches-sur-Guyonne",579,"YVELINES","ILE-DE-FRANCE",102.841918295
"940",95306,"Herblay",26422,"VAL-D'OISE","ILE-DE-FRANCE",2092.00316706
"941",77357,"Pécy",819,"SEINE-ET-MARNE","ILE-DE-FRANCE",38.8519924099
"942",95039,"Auvers-sur-Oise",6789,"VAL-D'OISE","ILE-DE-FRANCE",530.390625
"943",78107,"Bréval",1942,"YVELINES","ILE-DE-FRANCE",168.722849696
"944",77526,"Vincy-Manoeuvre",209,"SEINE-ET-MARNE","ILE-DE-FRANCE",42.3076923077
"945",78322,"Jouy-en-Josas",8211,"YVELINES","ILE-DE-FRANCE",801.073170732
"946",78650,"Le Vésinet",15929,"YVELINES","ILE-DE-FRANCE",3166.79920477
"947",77356,"Passy-sur-Seine",47,"SEINE-ET-MARNE","ILE-DE-FRANCE",10.2620087336
"948",77421,"Saint-Mars-Vieux-Maisons",270,"SEINE-ET-MARNE","ILE-DE-FRANCE",14.1435306443
"949",77358,"Penchard",1055,"SEINE-ET-MARNE","ILE-DE-FRANCE",243.087557604
"950",77336,"Neufmoutiers-en-Brie",972,"SEINE-ET-MARNE","ILE-DE-FRANCE",59.9260172626
"951",78520,"Richebourg",1527,"YVELINES","ILE-DE-FRANCE",142.843779233
"952",94002,"Alfortville",44550,"VAL-DE-MARNE","ILE-DE-FRANCE",12073.1707317
"953",95303,"Le Heaulme",198,"VAL-D'OISE","ILE-DE-FRANCE",99.4974874372
"954",78193,"Dampierre-en-Yvelines",1110,"YVELINES","ILE-DE-FRANCE",98.1432360743
"955",95059,"Berville",335,"VAL-D'OISE","ILE-DE-FRANCE",39.2271662763
"956",77052,"Bréau",346,"SEINE-ET-MARNE","ILE-DE-FRANCE",258.208955224
"957",78310,"Houdan",3337,"YVELINES","ILE-DE-FRANCE",320.55715658
"958",78516,"Raizeux",864,"YVELINES","ILE-DE-FRANCE",82.9971181556
"959",91553,"Saint-Germain-lès-Corbeil",7242,"ESSONNE","ILE-DE-FRANCE",1783.74384236
"960",95447,"Neuilly-en-Vexin",199,"VAL-D'OISE","ILE-DE-FRANCE",67.2297297297
"961",77264,"Lumigny-Nesles-Ormeaux",1519,"SEINE-ET-MARNE","ILE-DE-FRANCE",41.7651910916
"962",93078,"Villepinte",35850,"SEINE-SAINT-DENIS","ILE-DE-FRANCE",3440.49904031
"963",95181,"Courcelles-sur-Viosne",307,"VAL-D'OISE","ILE-DE-FRANCE",84.1095890411
"964",77084,"Changis-sur-Marne",1084,"SEINE-ET-MARNE","ILE-DE-FRANCE",156.421356421
"965",77239,"Jouy-le-Châtel",1469,"SEINE-ET-MARNE","ILE-DE-FRANCE",38.8933015621
"966",77427,"Saint-Mesmes",574,"SEINE-ET-MARNE","ILE-DE-FRANCE",74.448767834
"967",95604,"Survilliers",3943,"VAL-D'OISE","ILE-DE-FRANCE",720.84095064
"968",78073,"Bois-d'Arcy",13788,"YVELINES","ILE-DE-FRANCE",2453.38078292
"969",92035,"La Garenne-Colombes",28297,"HAUTS-DE-SEINE","ILE-DE-FRANCE",15897.1910112
"970",94069,"Saint-Maurice",14586,"VAL-DE-MARNE","ILE-DE-FRANCE",10129.1666667
"971",93077,"Villemomble",28368,"SEINE-SAINT-DENIS","ILE-DE-FRANCE",7021.78217822
"972",95462,"Omerville",306,"VAL-D'OISE","ILE-DE-FRANCE",24.7773279352
"973",77072,"Chalautre-la-Grande",698,"SEINE-ET-MARNE","ILE-DE-FRANCE",38.1838074398
"974",78559,"Saint-Illiers-le-Bois",462,"YVELINES","ILE-DE-FRANCE",104.054054054
"975",91294,"Guillerval",776,"ESSONNE","ILE-DE-FRANCE",44.7520184544
"976",77117,"Citry",808,"SEINE-ET-MARNE","ILE-DE-FRANCE",158.742632613
"977",78320,"Jeufosse",428,"YVELINES","ILE-DE-FRANCE",117.906336088
"978",78420,"Montfort-l'Amaury",3127,"YVELINES","ILE-DE-FRANCE",543.826086957
"979",77075,"Chalifert",1234,"SEINE-ET-MARNE","ILE-DE-FRANCE",507.818930041
"980",77131,"Coulommiers",14622,"SEINE-ET-MARNE","ILE-DE-FRANCE",1334.12408759
"981",95678,"Villiers-Adam",828,"VAL-D'OISE","ILE-DE-FRANCE",83.8905775076
"982",95088,"Bonneuil-en-France",712,"VAL-D'OISE","ILE-DE-FRANCE",149.579831933
"983",91201,"Draveil",28646,"ESSONNE","ILE-DE-FRANCE",1797.11417817
"984",91662,"Villeconin",731,"ESSONNE","ILE-DE-FRANCE",49.795640327
"985",91232,"La Ferté-Alais",3994,"ESSONNE","ILE-DE-FRANCE",879.735682819
"986",77265,"Luzancy",1073,"SEINE-ET-MARNE","ILE-DE-FRANCE",161.111111111
"987",91044,"Ballainvilliers",3779,"ESSONNE","ILE-DE-FRANCE",944.75
"988",91016,"Angerville",3934,"ESSONNE","ILE-DE-FRANCE",152.480620155
"989",95210,"Enghien-les-Bains",11560,"VAL-D'OISE","ILE-DE-FRANCE",6531.07344633
"990",77111,"Chessy",4355,"SEINE-ET-MARNE","ILE-DE-FRANCE",753.460207612
"991",95572,"Saint-Ouen-l'Aumône",23731,"VAL-D'OISE","ILE-DE-FRANCE",1697.49642346
"992",78475,"Osmoy",378,"YVELINES","ILE-DE-FRANCE",145.384615385
"993",95304,"Hédouville",246,"VAL-D'OISE","ILE-DE-FRANCE",46.1538461538
"994",91433,"Morigny-Champigny",4305,"ESSONNE","ILE-DE-FRANCE",139.140271493
"995",78668,"La Villeneuve-en-Chevrie",572,"YVELINES","ILE-DE-FRANCE",48.6394557823
"996",77379,"Provins",12206,"SEINE-ET-MARNE","ILE-DE-FRANCE",828.649015614
"997",95676,"Villers-en-Arthies",470,"VAL-D'OISE","ILE-DE-FRANCE",56.0190703218
"998",77054,"La Brosse-Montceaux",727,"SEINE-ET-MARNE","ILE-DE-FRANCE",60.2819237148
"999",77504,"Villemaréchal",830,"SEINE-ET-MARNE","ILE-DE-FRANCE",58.3274771609
"1000",77039,"Boissise-la-Bertrand",1068,"SEINE-ET-MARNE","ILE-DE-FRANCE",136.923076923
"1001",77305,"Montereau-Fault-Yonne",16573,"SEINE-ET-MARNE","ILE-DE-FRANCE",1829.24944812
"1002",95280,"Goussainville",31129,"VAL-D'OISE","ILE-DE-FRANCE",2716.31762653
"1003",78586,"Sartrouville",51431,"YVELINES","ILE-DE-FRANCE",6086.50887574
"1004",77186,"Fontainebleau",14708,"SEINE-ET-MARNE","ILE-DE-FRANCE",85.3231233322
"1005",77030,"Bellot",799,"SEINE-ET-MARNE","ILE-DE-FRANCE",49.1087891825
"1006",77146,"Croissy-Beaubourg",1988,"SEINE-ET-MARNE","ILE-DE-FRANCE",184.244670992
"1007",77206,"Giremoutiers",146,"SEINE-ET-MARNE","ILE-DE-FRANCE",24.5378151261
"1008",77232,"Isles-lès-Villenoy",911,"SEINE-ET-MARNE","ILE-DE-FRANCE",129.587482219
"1009",77442,"Samoreau",2328,"SEINE-ET-MARNE","ILE-DE-FRANCE",413.499111901
"1010",95012,"Amenucourt",207,"VAL-D'OISE","ILE-DE-FRANCE",23.5494880546
"1011",77118,"Claye-Souilly",11122,"SEINE-ET-MARNE","ILE-DE-FRANCE",736.556291391
"1012",78324,"Jouy-Mauvoisin",553,"YVELINES","ILE-DE-FRANCE",195.406360424
"1013",77464,"Thorigny-sur-Marne",9125,"SEINE-ET-MARNE","ILE-DE-FRANCE",1771.84466019
"1014",77494,"Vernou-la-Celle-sur-Seine",2669,"SEINE-ET-MARNE","ILE-DE-FRANCE",119.364937388
"1015",77065,"Cély",1226,"SEINE-ET-MARNE","ILE-DE-FRANCE",198.703403566
"1016",77199,"Fublaines",1167,"SEINE-ET-MARNE","ILE-DE-FRANCE",212.181818182
"1017",77466,"Tigeaux",375,"SEINE-ET-MARNE","ILE-DE-FRANCE",61.0749185668
"1018",95594,"Seugy",1030,"VAL-D'OISE","ILE-DE-FRANCE",598.837209302
"1019",94004,"Boissy-Saint-Léger",16354,"VAL-DE-MARNE","ILE-DE-FRANCE",1841.66666667
"1020",77409,"Saint-Germain-Laval",2798,"SEINE-ET-MARNE","ILE-DE-FRANCE",316.15819209
"1021",78003,"Ablis",3260,"YVELINES","ILE-DE-FRANCE",124.285169653
"1022",78068,"Blaru",927,"YVELINES","ILE-DE-FRANCE",61.6356382979
"1023",91186,"Courson-Monteloup",601,"ESSONNE","ILE-DE-FRANCE",158.994708995
"1024",91312,"Igny",10522,"ESSONNE","ILE-DE-FRANCE",2711.8556701
"1025",78472,"Orsonville",331,"YVELINES","ILE-DE-FRANCE",34.0184994861
"1026",95675,"Villeron",844,"VAL-D'OISE","ILE-DE-FRANCE",147.810858144
"1027",77424,"Saint-Martin-du-Boschet",298,"SEINE-ET-MARNE","ILE-DE-FRANCE",17.437097718
"1028",77151,"Dagny",337,"SEINE-ET-MARNE","ILE-DE-FRANCE",42.9299363057
"1029",77303,"Montdauphin",234,"SEINE-ET-MARNE","ILE-DE-FRANCE",23.8775510204
"1030",77413,"Saint-Germain-sur-Morin",3553,"SEINE-ET-MARNE","ILE-DE-FRANCE",741.753653445
"1031",78361,"Mantes-la-Jolie",42727,"YVELINES","ILE-DE-FRANCE",4497.57894737
"1032",91069,"Boigneville",408,"ESSONNE","ILE-DE-FRANCE",25.9047619048
"1033",91578,"Saint-Sulpice-de-Favières",324,"ESSONNE","ILE-DE-FRANCE",73.4693877551
"1034",91159,"Chevannes",1686,"ESSONNE","ILE-DE-FRANCE",163.848396501
"1035",77306,"Montereau-sur-le-Jard",556,"SEINE-ET-MARNE","ILE-DE-FRANCE",48.6865148862
"1036",78418,"Montesson",15270,"YVELINES","ILE-DE-FRANCE",2071.91316147
"1037",92072,"Sèvres",23278,"HAUTS-DE-SEINE","ILE-DE-FRANCE",5923.15521628
"1038",77049,"Boutigny",878,"SEINE-ET-MARNE","ILE-DE-FRANCE",89.046653144
"1039",77312,"Montigny-sur-Loing",2791,"SEINE-ET-MARNE","ILE-DE-FRANCE",304.362050164
"1040",95582,"Sannois",26707,"VAL-D'OISE","ILE-DE-FRANCE",5575.57411273
"1041",77273,"Marchémoret",548,"SEINE-ET-MARNE","ILE-DE-FRANCE",77.4011299435
"1042",91377,"Massy",43006,"ESSONNE","ILE-DE-FRANCE",4570.24442083
"1043",91659,"Villabé",5010,"ESSONNE","ILE-DE-FRANCE",1068.23027719
"1044",95445,"Nerville-la-Forêt",642,"VAL-D'OISE","ILE-DE-FRANCE",96.1077844311
"1045",93007,"Le Blanc-Mesnil",51916,"SEINE-SAINT-DENIS","ILE-DE-FRANCE",6385.73185732
"1046",77032,"Beton-Bazoches",812,"SEINE-ET-MARNE","ILE-DE-FRANCE",44.861878453
"1047",77018,"Bailly-Romainvilliers",6884,"SEINE-ET-MARNE","ILE-DE-FRANCE",883.697047497
"1048",92036,"Gennevilliers",41930,"HAUTS-DE-SEINE","ILE-DE-FRANCE",3602.23367698
"1049",95584,"Santeuil",623,"VAL-D'OISE","ILE-DE-FRANCE",116.014897579
"1050",77109,"Chenoise",1289,"SEINE-ET-MARNE","ILE-DE-FRANCE",35.8753131088
"1051",77267,"La Madeleine-sur-Loing",332,"SEINE-ET-MARNE","ILE-DE-FRANCE",53.8961038961
"1052",77284,"Meaux",52225,"SEINE-ET-MARNE","ILE-DE-FRANCE",3429.08732764
"1053",91161,"Chilly-Mazarin",18843,"ESSONNE","ILE-DE-FRANCE",3340.95744681
"1054",95176,"Cormeilles-en-Parisis",23497,"VAL-D'OISE","ILE-DE-FRANCE",2767.60895171
"1055",91111,"Briis-sous-Forges",3491,"ESSONNE","ILE-DE-FRANCE",312.254025045
"1056",77376,"Précy-sur-Marne",788,"SEINE-ET-MARNE","ILE-DE-FRANCE",163.485477178
"1057",91228,"Évry",52184,"ESSONNE","ILE-DE-FRANCE",6103.39181287
"1058",77246,"Léchelle",563,"SEINE-ET-MARNE","ILE-DE-FRANCE",25.766590389
"1059",77128,"Couilly-Pont-aux-Dames",2155,"SEINE-ET-MARNE","ILE-DE-FRANCE",453.684210526
"1060",91340,"Lisses",7316,"ESSONNE","ILE-DE-FRANCE",699.426386233
"1061",92032,"Fontenay-aux-Roses",23288,"HAUTS-DE-SEINE","ILE-DE-FRANCE",9204.743083
"1062",77155,"Dampmart",3179,"SEINE-ET-MARNE","ILE-DE-FRANCE",536.087689713
"1063",77173,"Étrépilly",848,"SEINE-ET-MARNE","ILE-DE-FRANCE",63.7593984962
"1064",77495,"Vert-Saint-Denis",6986,"SEINE-ET-MARNE","ILE-DE-FRANCE",431.234567901
"1065",77087,"La Chapelle-Iger",157,"SEINE-ET-MARNE","ILE-DE-FRANCE",17.9223744292
"1066",77164,"Échouboulains",505,"SEINE-ET-MARNE","ILE-DE-FRANCE",24.1858237548
"1067",78531,"Rosny-sur-Seine",5614,"YVELINES","ILE-DE-FRANCE",291.939677587
"1068",77238,"Jouarre",4184,"SEINE-ET-MARNE","ILE-DE-FRANCE",98.7491149398
"1069",77195,"Fouju",562,"SEINE-ET-MARNE","ILE-DE-FRANCE",72.3294723295
"1070",77150,"Cuisy",439,"SEINE-ET-MARNE","ILE-DE-FRANCE",132.228915663
"1071",77385,"Rebais",2146,"SEINE-ET-MARNE","ILE-DE-FRANCE",194.208144796
"1072",77469,"Touquin",1093,"SEINE-ET-MARNE","ILE-DE-FRANCE",93.0212765957
"1073",77251,"Lieusaint",10441,"SEINE-ET-MARNE","ILE-DE-FRANCE",875.922818792
"1074",77430,"Saint-Pathus",5901,"SEINE-ET-MARNE","ILE-DE-FRANCE",1102.99065421
"1075",91408,"Moigny-sur-École",1300,"ESSONNE","ILE-DE-FRANCE",106.295993459
"1076",91494,"Le Plessis-Pâté",4158,"ESSONNE","ILE-DE-FRANCE",548.548812665
"1077",77281,"Mauperthuis",493,"SEINE-ET-MARNE","ILE-DE-FRANCE",250.253807107
"1078",77297,"Mondreville",363,"SEINE-ET-MARNE","ILE-DE-FRANCE",17.9791976226
"1079",77348,"Ormesson",284,"SEINE-ET-MARNE","ILE-DE-FRANCE",74.3455497382
"1080",95046,"Banthelu",125,"VAL-D'OISE","ILE-DE-FRANCE",15.2625152625
"1081",77182,"La Ferté-Gaucher",4557,"SEINE-ET-MARNE","ILE-DE-FRANCE",262.047153537
"1082",78077,"La Boissière-École",750,"YVELINES","ILE-DE-FRANCE",29.3772032902
"1083",77046,"Boulancourt",370,"SEINE-ET-MARNE","ILE-DE-FRANCE",57.2755417957
"1084",77215,"Gretz-Armainvilliers",8066,"SEINE-ET-MARNE","ILE-DE-FRANCE",594.399410464
"1085",92025,"Colombes",85102,"HAUTS-DE-SEINE","ILE-DE-FRANCE",10924.5186136
"1086",95288,"Groslay",8620,"VAL-D'OISE","ILE-DE-FRANCE",2780.64516129
"1087",95656,"Vienne-en-Arthies",417,"VAL-D'OISE","ILE-DE-FRANCE",109.448818898
"1088",95541,"Saint-Clair-sur-Epte",958,"VAL-D'OISE","ILE-DE-FRANCE",78.1402936378
"1089",78382,"Maurecourt",4328,"YVELINES","ILE-DE-FRANCE",1163.44086022
"1090",95369,"Margency",2872,"VAL-D'OISE","ILE-DE-FRANCE",3934.24657534
"1091",91132,"Chamarande",1111,"ESSONNE","ILE-DE-FRANCE",190.566037736
"1092",95592,"Seraincourt",1320,"VAL-D'OISE","ILE-DE-FRANCE",116.607773852
"1093",77197,"Frétoy",155,"SEINE-ET-MARNE","ILE-DE-FRANCE",23.413897281
"1094",78160,"Chevreuse",5808,"YVELINES","ILE-DE-FRANCE",426.745040411
"1095",78263,"Gambais",2445,"YVELINES","ILE-DE-FRANCE",107.049036778
"1096",95229,"Ézanville",9262,"VAL-D'OISE","ILE-DE-FRANCE",1794.96124031
"1097",95250,"Fosses",9574,"VAL-D'OISE","ILE-DE-FRANCE",2637.46556474
"1098",77159,"Donnemarie-Dontilly",2838,"SEINE-ET-MARNE","ILE-DE-FRANCE",235.128417564
"1099",78049,"Bazemont",1517,"YVELINES","ILE-DE-FRANCE",225.744047619
"1100",78168,"Coignières",4476,"YVELINES","ILE-DE-FRANCE",555.334987593
"1101",93014,"Clichy-sous-Bois",29835,"SEINE-SAINT-DENIS","ILE-DE-FRANCE",7553.16455696
"1102",95277,"Gonesse",26516,"VAL-D'OISE","ILE-DE-FRANCE",1306.20689655
"1103",77114,"Chevry-Cossigny",3897,"SEINE-ET-MARNE","ILE-DE-FRANCE",233.633093525
"1104",95371,"Marly-la-Ville",5502,"VAL-D'OISE","ILE-DE-FRANCE",631.68771527
"1105",95459,"Nucourt",722,"VAL-D'OISE","ILE-DE-FRANCE",92.4455825864
"1106",77447,"Seine-Port",1960,"SEINE-ET-MARNE","ILE-DE-FRANCE",228.438228438
"1107",77449,"Serris",7866,"SEINE-ET-MARNE","ILE-DE-FRANCE",1382.42530756
"1108",77458,"Souppes-sur-Loing",5494,"SEINE-ET-MARNE","ILE-DE-FRANCE",199.346879536
"1109",77450,"Servon",3104,"SEINE-ET-MARNE","ILE-DE-FRANCE",420.027063599
"1110",77221,"Guermantes",1217,"SEINE-ET-MARNE","ILE-DE-FRANCE",958.267716535
"1111",92004,"Asnières-sur-Seine",83376,"HAUTS-DE-SEINE","ILE-DE-FRANCE",17297.9253112
"1112",95211,"Ennery",2268,"VAL-D'OISE","ILE-DE-FRANCE",304.021447721
"1113",95341,"Livilliers",386,"VAL-D'OISE","ILE-DE-FRANCE",58.8414634146
"1114",78571,"Saint-Nom-la-Bretèche",5164,"YVELINES","ILE-DE-FRANCE",436.517328825
"1115",78561,"Saint-Lambert",436,"YVELINES","ILE-DE-FRANCE",66.2613981763
"1116",77013,"Aulnoy",386,"SEINE-ET-MARNE","ILE-DE-FRANCE",27.0687237027
"1117",77512,"Villeneuve-sur-Bellot",1141,"SEINE-ET-MARNE","ILE-DE-FRANCE",119.476439791
"1118",95523,"La Roche-Guyon",458,"VAL-D'OISE","ILE-DE-FRANCE",98.2832618026
"1119",77167,"Égligny",311,"SEINE-ET-MARNE","ILE-DE-FRANCE",18.7688593844
"1120",91495,"Plessis-Saint-Benoist",308,"ESSONNE","ILE-DE-FRANCE",33.4419109663
"1121",77185,"Fleury-en-Bière",639,"SEINE-ET-MARNE","ILE-DE-FRANCE",45.6428571429
"1122",77473,"Treuzy-Levelay",457,"SEINE-ET-MARNE","ILE-DE-FRANCE",32.4113475177
"1123",77031,"Bernay-Vilbert",843,"SEINE-ET-MARNE","ILE-DE-FRANCE",50
"1124",95563,"Saint-Leu-la-Forêt",14800,"VAL-D'OISE","ILE-DE-FRANCE",2819.04761905
"1125",78439,"Mulcent",108,"YVELINES","ILE-DE-FRANCE",30.0835654596
"1126",78620,"Toussus-le-Noble",1006,"YVELINES","ILE-DE-FRANCE",249.627791563
"1127",77008,"Armentières-en-Brie",1399,"SEINE-ET-MARNE","ILE-DE-FRANCE",192.699724518
"1128",77209,"Gouvernes",1101,"SEINE-ET-MARNE","ILE-DE-FRANCE",400.363636364
"1129",94081,"Vitry-sur-Seine",86375,"VAL-DE-MARNE","ILE-DE-FRANCE",7407.80445969
"1130",77035,"Blennes",566,"SEINE-ET-MARNE","ILE-DE-FRANCE",27.895515032
"1131",77053,"Brie-Comte-Robert",16075,"SEINE-ET-MARNE","ILE-DE-FRANCE",806.573005519
"1132",77396,"Rupéreux",102,"SEINE-ET-MARNE","ILE-DE-FRANCE",16.2162162162
"1133",95328,"Labbeville",567,"VAL-D'OISE","ILE-DE-FRANCE",70.4347826087
"1134",94078,"Villeneuve-Saint-Georges",32767,"VAL-DE-MARNE","ILE-DE-FRANCE",4070.43478261
"1135",77445,"Savigny-le-Temple",29074,"SEINE-ET-MARNE","ILE-DE-FRANCE",2404.79735318
"1136",78120,"Bullion",1951,"YVELINES","ILE-DE-FRANCE",91.6823308271
"1137",92009,"Bois-Colombes",28927,"HAUTS-DE-SEINE","ILE-DE-FRANCE",14988.0829016
"1138",77253,"Lissy",196,"SEINE-ET-MARNE","ILE-DE-FRANCE",29.2537313433
"1139",77335,"Chauconin-Neufmontiers",2754,"SEINE-ET-MARNE","ILE-DE-FRANCE",158.549222798
"1140",95287,"Grisy-les-Plâtres",617,"VAL-D'OISE","ILE-DE-FRANCE",85.6944444444
"1141",78406,"Milon-la-Chapelle",295,"YVELINES","ILE-DE-FRANCE",95.4692556634
"1142",77025,"Bazoches-lès-Bray",826,"SEINE-ET-MARNE","ILE-DE-FRANCE",36.4840989399
"1143",77090,"La Chapelle-Saint-Sulpice",220,"SEINE-ET-MARNE","ILE-DE-FRANCE",34.4287949922
"1144",77352,"Ozouer-le-Voulgis",1815,"SEINE-ET-MARNE","ILE-DE-FRANCE",160.194174757
"1145",78281,"Goussonville",615,"YVELINES","ILE-DE-FRANCE",132.258064516
"1146",78683,"Villiers-Saint-Frédéric",2728,"YVELINES","ILE-DE-FRANCE",537.007874016
"1147",77016,"Bagneaux-sur-Loing",1695,"SEINE-ET-MARNE","ILE-DE-FRANCE",318.011257036
"1148",77178,"Faÿ-lès-Nemours",486,"SEINE-ET-MARNE","ILE-DE-FRANCE",61.7534942821
"1149",77316,"Moret-sur-Loing",4318,"SEINE-ET-MARNE","ILE-DE-FRANCE",258.408138839
"1150",77107,"Chaumes-en-Brie",3045,"SEINE-ET-MARNE","ILE-DE-FRANCE",152.173913043
"1151",78278,"Goupillières",480,"YVELINES","ILE-DE-FRANCE",84.5070422535
"1152",77196,"Fresnes-sur-Marne",657,"SEINE-ET-MARNE","ILE-DE-FRANCE",87.3670212766
"1153",77254,"Liverdy-en-Brie",1298,"SEINE-ET-MARNE","ILE-DE-FRANCE",142.168674699
"1154",78576,"Saint-Rémy-l'Honoré",1379,"YVELINES","ILE-DE-FRANCE",134.66796875
"1155",95028,"Attainville",1825,"VAL-D'OISE","ILE-DE-FRANCE",252.071823204
"1156",77257,"Lizy-sur-Ourcq",3621,"SEINE-ET-MARNE","ILE-DE-FRANCE",321.866666667
"1157",78615,"Thiverval-Grignon",1030,"YVELINES","ILE-DE-FRANCE",91.0698496905
"1158",77520,"Villiers-sous-Grez",750,"SEINE-ET-MARNE","ILE-DE-FRANCE",61.6776315789
"1159",78209,"Émancé",859,"YVELINES","ILE-DE-FRANCE",70.5834018077
"1160",93027,"La Courneuve",38789,"SEINE-SAINT-DENIS","ILE-DE-FRANCE",5164.98002663
"1161",78007,"Aigremont",1105,"YVELINES","ILE-DE-FRANCE",365.894039735
"1162",91085,"Boissy-sous-Saint-Yon",3713,"ESSONNE","ILE-DE-FRANCE",455.582822086
"1163",95074,"Boisemont",746,"VAL-D'OISE","ILE-DE-FRANCE",373
"1164",77406,"Saint-Denis-lès-Rebais",946,"SEINE-ET-MARNE","ILE-DE-FRANCE",62.6490066225
"1165",91687,"Viry-Châtillon",31655,"ESSONNE","ILE-DE-FRANCE",5147.15447154
"1166",93063,"Romainville",25512,"SEINE-SAINT-DENIS","ILE-DE-FRANCE",7394.7826087
"1167",95008,"Aincourt",967,"VAL-D'OISE","ILE-DE-FRANCE",95.7425742574
"1168",95488,"Pierrelaye",8012,"VAL-D'OISE","ILE-DE-FRANCE",893.199554069
"1169",78478,"Paray-Douaville",242,"YVELINES","ILE-DE-FRANCE",23.7954768928
"1170",78389,"Méré",1708,"YVELINES","ILE-DE-FRANCE",162.049335863
"1171",91477,"Palaiseau",30316,"ESSONNE","ILE-DE-FRANCE",2591.11111111
"1172",77129,"Coulombs-en-Valois",625,"SEINE-ET-MARNE","ILE-DE-FRANCE",27.8024911032
"1173",77390,"Roissy-en-Brie",22436,"SEINE-ET-MARNE","ILE-DE-FRANCE",1636.46973012
"1174",77401,"Sainte-Aulde",660,"SEINE-ET-MARNE","ILE-DE-FRANCE",76.8335273574
"1175",77073,"Chalautre-la-Petite",579,"SEINE-ET-MARNE","ILE-DE-FRANCE",61.9251336898
"1176",77340,"Nonville",613,"SEINE-ET-MARNE","ILE-DE-FRANCE",52.9818496111
"1177",77370,"Poligny",823,"SEINE-ET-MARNE","ILE-DE-FRANCE",30.2129221733
"1178",77435,"Saint-Sauveur-sur-École",1095,"SEINE-ET-MARNE","ILE-DE-FRANCE",149.386084584
"1179",78575,"Saint-Rémy-lès-Chevreuse",7826,"YVELINES","ILE-DE-FRANCE",794.517766497
"1180",78172,"Conflans-Sainte-Honorine",35582,"YVELINES","ILE-DE-FRANCE",3590.51463169
"1181",77277,"Marles-en-Brie",1443,"SEINE-ET-MARNE","ILE-DE-FRANCE",112.910798122
"1182",77456,"Soisy-Bouy",802,"SEINE-ET-MARNE","ILE-DE-FRANCE",68.488471392
"1183",78606,"Le Tartre-Gaudran",31,"YVELINES","ILE-DE-FRANCE",7.12643678161
"1184",77323,"Moussy-le-Vieux",987,"SEINE-ET-MARNE","ILE-DE-FRANCE",136.893203883
"1185",78506,"Prunay-en-Yvelines",816,"YVELINES","ILE-DE-FRANCE",30.03312477
"1186",78029,"Aubergenville",11867,"YVELINES","ILE-DE-FRANCE",1304.06593407
"1187",77021,"Barbey",195,"SEINE-ET-MARNE","ILE-DE-FRANCE",45.2436194896
"1188",91547,"Saint-Escobille",452,"ESSONNE","ILE-DE-FRANCE",37.6980817348
"1189",95149,"Chaumontel",3298,"VAL-D'OISE","ILE-DE-FRANCE",779.669030733
"1190",78608,"Le Tertre-Saint-Denis",114,"YVELINES","ILE-DE-FRANCE",39.446366782
"1191",77384,"Réau",1321,"SEINE-ET-MARNE","ILE-DE-FRANCE",99.3980436418
"1192",91457,"La Norville",4048,"ESSONNE","ILE-DE-FRANCE",880
"1193",77210,"La Grande-Paroisse",2610,"SEINE-ET-MARNE","ILE-DE-FRANCE",89.9689762151
"1194",91577,"Saintry-sur-Seine",5140,"ESSONNE","ILE-DE-FRANCE",1548.19277108
"1195",78327,"Juziers",3781,"YVELINES","ILE-DE-FRANCE",432.608695652
"1196",77353,"Paley",443,"SEINE-ET-MARNE","ILE-DE-FRANCE",47.7885652643
"1197",77382,"Quincy-Voisins",5092,"SEINE-ET-MARNE","ILE-DE-FRANCE",493.88942774
"1198",95535,"Sagy",1155,"VAL-D'OISE","ILE-DE-FRANCE",109.790874525
"1199",95409,"Moisselles",1256,"VAL-D'OISE","ILE-DE-FRANCE",837.333333333
"1200",95301,"Haute-Isle",314,"VAL-D'OISE","ILE-DE-FRANCE",125.099601594
"1201",78440,"Les Mureaux",30739,"YVELINES","ILE-DE-FRANCE",2482.95638126
"1202",93006,"Bagnolet",34513,"SEINE-SAINT-DENIS","ILE-DE-FRANCE",13429.1828794
"1203",95379,"Maudétour-en-Vexin",199,"VAL-D'OISE","ILE-DE-FRANCE",29.7458893871
"1204",91471,"Orsay",15903,"ESSONNE","ILE-DE-FRANCE",2126.06951872
"1205",91587,"Saulx-les-Chartreux",5065,"ESSONNE","ILE-DE-FRANCE",656.088082902
"1206",77158,"Diant",196,"SEINE-ET-MARNE","ILE-DE-FRANCE",17.7858439201
"1207",95353,"Maffliers",1691,"VAL-D'OISE","ILE-DE-FRANCE",247.222222222
"1208",78296,"Guitrancourt",651,"YVELINES","ILE-DE-FRANCE",87.972972973
"1209",78502,"Le Port-Marly",4946,"YVELINES","ILE-DE-FRANCE",3434.72222222
"1210",91461,"Ollainville",4560,"ESSONNE","ILE-DE-FRANCE",399.649430324
"1211",77096,"Chartrettes",2573,"SEINE-ET-MARNE","ILE-DE-FRANCE",254.249011858
"1212",91692,"Les Ulis",24641,"ESSONNE","ILE-DE-FRANCE",4504.75319927
"1213",95543,"Saint-Cyr-en-Arthies",231,"VAL-D'OISE","ILE-DE-FRANCE",59.6899224806
"1214",95598,"Soisy-sous-Montmorency",17531,"VAL-D'OISE","ILE-DE-FRANCE",4438.2278481
"1215",78470,"Orphin",911,"YVELINES","ILE-DE-FRANCE",54.7805171377
"1216",78503,"Port-Villez",244,"YVELINES","ILE-DE-FRANCE",45.6074766355
"1217",91463,"Oncy-sur-École",973,"ESSONNE","ILE-DE-FRANCE",180.519480519
"1218",78251,"Fourqueux",4095,"YVELINES","ILE-DE-FRANCE",1109.75609756
"1219",91243,"Fontenay-lès-Briis",1881,"ESSONNE","ILE-DE-FRANCE",191.93877551
"1220",77517,"Villevaudé",2027,"SEINE-ET-MARNE","ILE-DE-FRANCE",202.7
"1221",77468,"Torcy",22866,"SEINE-ET-MARNE","ILE-DE-FRANCE",3724.10423453
"1222",77083,"Champs-sur-Marne",24499,"SEINE-ET-MARNE","ILE-DE-FRANCE",3140.8974359
"1223",77423,"Saint-Martin-des-Champs",723,"SEINE-ET-MARNE","ILE-DE-FRANCE",69.6531791908
"1224",78048,"Bazainville",1442,"YVELINES","ILE-DE-FRANCE",120.367278798
"1225",77062,"Carnetin",488,"SEINE-ET-MARNE","ILE-DE-FRANCE",305
"1226",91508,"Puiselet-le-Marais",276,"ESSONNE","ILE-DE-FRANCE",24.3601059135
"1227",78034,"Auteuil",869,"YVELINES","ILE-DE-FRANCE",198.401826484
"1228",78147,"Chaufour-lès-Bonnières",433,"YVELINES","ILE-DE-FRANCE",143.853820598
"1229",93001,"Aubervilliers",75598,"SEINE-SAINT-DENIS","ILE-DE-FRANCE",13079.2387543
"1230",77138,"Courtomer",535,"SEINE-ET-MARNE","ILE-DE-FRANCE",115.55075594
"1231",77223,"Gurcy-le-Châtel",581,"SEINE-ET-MARNE","ILE-DE-FRANCE",45.4972592013
"1232",77245,"Laval-en-Brie",462,"SEINE-ET-MARNE","ILE-DE-FRANCE",22.7810650888
"1233",91081,"Boissy-le-Sec",675,"ESSONNE","ILE-DE-FRANCE",34.8837209302
"1234",95492,"Le Plessis-Gassot",69,"VAL-D'OISE","ILE-DE-FRANCE",16.7070217918
"1235",77103,"Châtillon-la-Borde",217,"SEINE-ET-MARNE","ILE-DE-FRANCE",29.9723756906
"1236",77255,"Livry-sur-Seine",1927,"SEINE-ET-MARNE","ILE-DE-FRANCE",360.186915888
"1237",95509,"Puiseux-en-France",3277,"VAL-D'OISE","ILE-DE-FRANCE",632.625482625
"1238",95042,"Baillet-en-France",2001,"VAL-D'OISE","ILE-DE-FRANCE",248.263027295
"1239",92063,"Rueil-Malmaison",79855,"HAUTS-DE-SEINE","ILE-DE-FRANCE",5492.09078404
"1240",95101,"Bray-et-Lû",971,"VAL-D'OISE","ILE-DE-FRANCE",258.933333333
"1241",78655,"Vieille-Église-en-Yvelines",803,"YVELINES","ILE-DE-FRANCE",82.358974359
"1242",94054,"Orly",21312,"VAL-DE-MARNE","ILE-DE-FRANCE",3195.2023988
"1243",78643,"Vernouillet",9401,"YVELINES","ILE-DE-FRANCE",1396.87964339
"1244",77071,"Chaintreaux",917,"SEINE-ET-MARNE","ILE-DE-FRANCE",38.4325230511
"1245",77130,"Coulommes",409,"SEINE-ET-MARNE","ILE-DE-FRANCE",109.946236559
"1246",77134,"Courchamp",153,"SEINE-ET-MARNE","ILE-DE-FRANCE",12.27929374
"1247",77220,"Guercheville",284,"SEINE-ET-MARNE","ILE-DE-FRANCE",30.8695652174
"1248",78499,"Ponthévrard",602,"YVELINES","ILE-DE-FRANCE",228.897338403
"1249",92049,"Montrouge",48710,"HAUTS-DE-SEINE","ILE-DE-FRANCE",23531.4009662
"1250",94042,"Joinville-le-Pont",17953,"VAL-DE-MARNE","ILE-DE-FRANCE",7874.12280702
"1251",95323,"Jouy-le-Moutier",16376,"VAL-D'OISE","ILE-DE-FRANCE",2249.45054945
"1252",92073,"Suresnes",46876,"HAUTS-DE-SEINE","ILE-DE-FRANCE",12335.7894737
"1253",77020,"Bannost-Villegagnon",649,"SEINE-ET-MARNE","ILE-DE-FRANCE",33.4363730036
"1254",77172,"Esmans",889,"SEINE-ET-MARNE","ILE-DE-FRANCE",49.8597868761
"1255",91204,"Écharcon",807,"ESSONNE","ILE-DE-FRANCE",116.787264834
"1256",77208,"Gouaix",1446,"SEINE-ET-MARNE","ILE-DE-FRANCE",102.407932011
"1257",78474,"Orvilliers",702,"YVELINES","ILE-DE-FRANCE",117.785234899
"1258",94018,"Charenton-le-Pont",29562,"VAL-DE-MARNE","ILE-DE-FRANCE",16066.3043478
"1259",91122,"Bures-sur-Yvette",9676,"ESSONNE","ILE-DE-FRANCE",2145.45454545
"1260",95054,"Le Bellay-en-Vexin",248,"VAL-D'OISE","ILE-DE-FRANCE",48.0620155039
"1261",95169,"Commeny",384,"VAL-D'OISE","ILE-DE-FRANCE",80.6722689076
"1262",77136,"Courquetaine",201,"SEINE-ET-MARNE","ILE-DE-FRANCE",25.6704980843
"1263",78143,"Châteaufort",1415,"YVELINES","ILE-DE-FRANCE",287.018255578
"1264",78366,"Mareil-le-Guyon",385,"YVELINES","ILE-DE-FRANCE",93.9024390244
"1265",77471,"Tousson",362,"SEINE-ET-MARNE","ILE-DE-FRANCE",27.2795779955
"1266",91109,"Brières-les-Scellés",1070,"ESSONNE","ILE-DE-FRANCE",124.563445867
"1267",91216,"Épinay-sur-Orge",10349,"ESSONNE","ILE-DE-FRANCE",2357.40318907
"1268",78621,"Trappes",29563,"YVELINES","ILE-DE-FRANCE",2157.88321168
"1269",78644,"La Verrière",5924,"YVELINES","ILE-DE-FRANCE",2807.58293839
"1270",77319,"Mortery",171,"SEINE-ET-MARNE","ILE-DE-FRANCE",12.9643669447
"1271",91374,"Marolles-en-Beauce",212,"ESSONNE","ILE-DE-FRANCE",35.3333333333
"1272",78053,"Béhoust",482,"YVELINES","ILE-DE-FRANCE",88.4403669725
"1273",95660,"Villaines-sous-Bois",682,"VAL-D'OISE","ILE-DE-FRANCE",357.068062827
"1274",77145,"Crisenoy",624,"SEINE-ET-MARNE","ILE-DE-FRANCE",48.3720930233
"1275",93051,"Noisy-le-Grand",62970,"SEINE-SAINT-DENIS","ILE-DE-FRANCE",4825.28735632
"1276",95002,"Ableiges",933,"VAL-D'OISE","ILE-DE-FRANCE",117.803030303
"1277",77047,"Bouleurs",1453,"SEINE-ET-MARNE","ILE-DE-FRANCE",178.282208589
